index_cafeteria,cafeteria_name,menu_name,menu_price,label
7502.0,백돈춘천점,,,
7519.0,야미마라탕,꿔바로우소,,중식
7519.0,야미마라탕,새우볶음밥,,찜/탕/찌개
7519.0,야미마라탕,마라탕,,중식
7523.0,곰소젓갈밥상,,,
7524.0,호앤호,,,
7526.0,넘버25호텔남춘천점,,,
7535.0,피시프레시,물회,"12,000                            ",회
7535.0,피시프레시,회덮밥,"6,000                            ",국밥
7535.0,피시프레시,노르웨이 자반1손,"6,900                            ",양식
7542.0,못생긴핫도그,,,
7544.0,베러인타임(better in time),먹태,,양식
7544.0,베러인타임(better in time),감자튀김,,분식
7544.0,베러인타임(better in time),간사이오뎅탕,,회
7545.0,명륜진사갈비춘천효자점,숯불돼지갈비,,고기/구이
7545.0,명륜진사갈비춘천효자점,쌈싸먹는 김치찌개(찜),,찜/탕/찌개
7545.0,명륜진사갈비춘천효자점,"고기주는 냉면(물,비빔)",,양식
7547.0,왕가탕후루 강원대점,,,
7550.0,세이(Say),세이몬드크림라떼,"5,500                            ",고기/구이
7550.0,세이(Say),레몬파운드,"3,500                            ",회
7550.0,세이(Say),플레인스콘,"3,000                            ",중식
7559.0,젤리통통,,,
7560.0,무지개맥주,쥐포,"8,900                            ",고기/구이
7560.0,무지개맥주,한입노가리,"8,900                            ",분식
7560.0,무지개맥주,바베큐 오징어구이,"9,900                            ",고기/구이
7566.0,피콜로,석화,"25,000                            ",고기/구이
7566.0,피콜로,바질파스타,"18,000                            ",피자
7566.0,피콜로,쉬림프알리오올리오,"18,000                            ",양식
7578.0,미사옥춘천엔타,,,
7581.0,찌웅이네숯불두마리치킨춘천점,반반치킨,,백반
7581.0,찌웅이네숯불두마리치킨춘천점,후라이드,,치킨
7581.0,찌웅이네숯불두마리치킨춘천점,마늘범벅치킨,,치킨
7584.0,왕천파닭,,,
7593.0,신닭발,뼈닭발구이,"15,000                            ",치킨
7593.0,신닭발,뼈없는닭발구이,"16,000                            ",고기/구이
7593.0,신닭발,국물닭발,"15,000                            ",치킨
7594.0,온'S푸드,,,
7604.0,오공부대찌개,부대찌개,,국밥
7604.0,오공부대찌개,제육볶음,,고기/구이
7604.0,오공부대찌개,떡만둣국,,양식
7605.0,김밥나라애막골점,,,
7607.0,리네,규돈,"6,500                            ",양식
7607.0,리네,부타돈,"6,500                            ",돈까스
7607.0,리네,신기돈,"7,000                            ",회
7609.0,한아름밥상,제육쌈밥 정식,"11,000                            ",고기/구이
7609.0,한아름밥상,자반 고등어 구이,"11,000                            ",고기/구이
7609.0,한아름밥상,제육백반,"7,000                            ",백반
7610.0,60주년기념관카페마운틴,에스프레소,,양식
7610.0,60주년기념관카페마운틴,아메리카노,,양식
7610.0,60주년기념관카페마운틴,더치커피,,백반
7611.0,메이,,,
7627.0,라온스시,치킨가라아게,"8,900                            ",치킨
7627.0,라온스시,모듬초밥(12pcs),"16,000                            ",양식
7627.0,라온스시,라온초밥(15pcs),"26,000                            ",양식
7629.0,도깨비밥상,,,
7631.0,착한복돼지,생삼겹살,,양식
7631.0,착한복돼지,항정살,,중식
7631.0,착한복돼지,된장찌개,,양식
7633.0,원조신토불이,김치찌개,"8,000                            ",찜/탕/찌개
7633.0,원조신토불이,된장찌개,"8,000                            ",양식
7633.0,원조신토불이,두부찌개,"8,000                            ",양식
7643.0,대주객,동파육,"23,000                            ",분식
7643.0,대주객,양장피,"13,000                            ",양식
7643.0,대주객,마파두부,"10,000                            ",양식
7650.0,잭밀러,,,
7655.0,바른치킨춘천석사점,점보현미바삭,"25,900                            ",분식
7655.0,바른치킨춘천석사점,마라바삭,"21,900                            ",중식
7655.0,바른치킨춘천석사점,달콘바삭,"21,900                            ",양식
7656.0,석수한우,한우갈비살 150g,"28,000                            ",고기/구이
7656.0,석수한우,한우특수부위 150g,"37,000                            ",고기/구이
7656.0,석수한우,한우특수부위 모듬A 350g,"85,000                            ",고기/구이
7657.0,삼삼구이,,,
7667.0,본죽&비빔밥 춘천석사에버빌점,곤드레비빔밥,"9,000                            ",양식
7667.0,본죽&비빔밥 춘천석사에버빌점,낙지김치죽,"11,000                            ",죽
7667.0,본죽&비빔밥 춘천석사에버빌점,녹두죽,"9,000                            ",죽
7676.0,청파동강대점,,,
7679.0,달맞이,,,
7683.0,메밀밭감자옹심이메밀칼국수,감자옹심이만,"9,000                            ",양식
7683.0,메밀밭감자옹심이메밀칼국수,옹심이칼국수,"8,000                            ",국수
7683.0,메밀밭감자옹심이메밀칼국수,메밀칼국수,"8,000                            ",국수
7686.0,형제식당,,,
7693.0,식향,,,
7703.0,쉐도우,골드 메달리스트,"10,000                            ",회
7703.0,쉐도우,키위상큼,"10,000                            ",회
7703.0,쉐도우,파인땡큐,"10,000                            ",중식
7711.0,주현출장부페,,,
7713.0,유우동,유우동,"4,000                            ",중식
7713.0,유우동,튀김우동,"4,500                            ",중식
7713.0,유우동,수제 등심 돈까스,"6,000                            ",돈까스
7715.0,꽃등심삼겹살,모듬,"12,000                            ",회
7715.0,꽃등심삼겹살,특수부위,"15,000                            ",양식
7715.0,꽃등심삼겹살,한우모듬주물럭,"10,000                            ",양식
7717.0,프라하,,,
7724.0,고신,돼지 한마리(1kg),"40,000                            ",고기/구이
7724.0,고신,소 한마리(1kg),"45,000                            ",고기/구이
7724.0,고신,삼겹살(200g),"9,000                            ",고기/구이
7725.0,휴정,,,
7727.0,효자황태구이,황태구이정식,"13,000                            ",백반
7727.0,효자황태구이,더덕구이정식,"13,000                            ",고기/구이
7727.0,효자황태구이,황태낙지전골 (대),"50,000                            ",회
7732.0,맘스터치강대효자점,딥치즈버거,,버거
7732.0,맘스터치강대효자점,싸이버거,,회
7732.0,맘스터치강대효자점,디럭스불고기버거,,고기/구이
7733.0,공동주택,오삼불고기,"10,900                            ",백반
7733.0,공동주택,두부김치,"8,900                            ",양식
7733.0,공동주택,고추장찌개,"9,900                            ",양식
7744.0,보영이네해물칼국수(별관),기본해물칼국수,"9,000                            ",국수
7744.0,보영이네해물칼국수(별관),바지락 칼국수,"9,000                            ",국수
7744.0,보영이네해물칼국수(별관),낙지해물칼국수,"10,000                            ",국수
7747.0,인생건어물 춘천스무숲점,칠리새우,"12,900                            ",중식
7747.0,인생건어물 춘천스무숲점,크림새우,"12,900                            ",분식
7747.0,인생건어물 춘천스무숲점,매콤감바스,"14,900                            ",회
7751.0,호식이두마리치킨(석사점),간장치킨,,치킨
7751.0,호식이두마리치킨(석사점),땡초불꽃치킨,,치킨
7751.0,호식이두마리치킨(석사점),매운간장치킨,,치킨
7753.0,오돌이닭발,A세트숙주국물뼈닭발세트,"23,500                            ",양식
7753.0,오돌이닭발,B세트숙주국물무뼈닭발세트,"24,500                            ",양식
7753.0,오돌이닭발,오돌이세트1,"21,000                            ",백반
7763.0,코리엔탈깻잎두마리치킨춘천점,,,
7768.0,대박탕수육,,,
7771.0,타프로스터스,,,
7788.0,효자골영양탕,,,
7791.0,제이,플랫호두파이,"14,900                            ",치킨
7791.0,제이,두툼호두파이,"21,800                            ",분식
7791.0,제이,트리플파이(모듬파이),"30,000                            ",회
7792.0,일박이일,,,
7793.0,구라주점,,,
7805.0,도원뚝배기짬뽕,뚝배기짬뽕,"8,000                            ",국밥
7805.0,도원뚝배기짬뽕,뚝배기짜장,"8,000                            ",국밥
7805.0,도원뚝배기짬뽕,볶음밥,"7,000                            ",양식
7807.0,로즈,,,
7808.0,친구친구,삼겹살(200g),"12,000                            ",고기/구이
7808.0,친구친구,닭볶음탕,"25,000                            ",치킨
7808.0,친구친구,오삼불고기,"20,000                            ",백반
7823.0,닥엔돈스춘천효자점,,,
7824.0,박가부대춘천강대점,수제햄 부대찌개,,양식
7824.0,박가부대춘천강대점,박가 부대찌개,,국밥
7824.0,박가부대춘천강대점,오리지널 부대찌개,,국밥
7825.0,집밥,미니갈비찜,"7,000                            ",고기/구이
7825.0,집밥,매운갈비찜,"7,000                            ",고기/구이
7825.0,집밥,짜글이찌개,"6,500                            ",찜/탕/찌개
7826.0,우물정,모듬숯불구이,"19,000                            ",고기/구이
7826.0,우물정,갈비살,"20,000                            ",고기/구이
7826.0,우물정,차돌박이,"20,000                            ",고기/구이
7833.0,원조퇴골집오리숯불구이서면본점막내아들,훈제오리,,고기/구이
7833.0,원조퇴골집오리숯불구이서면본점막내아들,오리탕,,찜/탕/찌개
7833.0,원조퇴골집오리숯불구이서면본점막내아들,훈제한마리,,치킨
7834.0,행복반점,짬뽕밥,,중식
7834.0,행복반점,잡탕밥,,분식
7834.0,행복반점,짜장면,,중식
7849.0,꾸브라꼬숯불두마리치킨석사점,후라이드,,치킨
7849.0,꾸브라꼬숯불두마리치킨석사점,양념치킨,,치킨
7849.0,꾸브라꼬숯불두마리치킨석사점,마늘간장치킨,,치킨
7850.0,도원뚝배기짬뽕본점,자장면,,중식
7850.0,도원뚝배기짬뽕본점,짬뽕밥,,중식
7850.0,도원뚝배기짬뽕본점,자장밥,,양식
7853.0,안,,,
7855.0,통큰무한삼겹,,,
7867.0,팔팔포장마차,,,
7868.0,미화네떡볶이,,,
7872.0,양철집,생삼겹살 (1인분),"15,000                            ",고기/구이
7872.0,양철집,차돌박이 (1인분),"17,000                            ",고기/구이
7872.0,양철집,버터대하구이 (8마리),"10,000                            ",고기/구이
7873.0,일미리금계찜닭강대후문점,고추장찜닭,,치킨
7873.0,일미리금계찜닭강대후문점,금계찜닭,,고기/구이
7873.0,일미리금계찜닭강대후문점,로제 찜닭,,고기/구이
7875.0,리얼콜,홍합탕,"11,000                            ",양식
7875.0,리얼콜,나가사키짬뽕,"12,000                            ",국수
7875.0,리얼콜,제육볶음,"12,000                            ",고기/구이
7891.0,짱인,,,
7900.0,미미한식,된장찌개,"7,000                            ",양식
7900.0,미미한식,두부찌개,"7,000                            ",양식
7900.0,미미한식,돼지김치찌개,"7,000                            ",국밥
7903.0,위푸드,,,
7910.0,석사소머리국밥전문점,모듬수육 (소),"25,000                            ",고기/구이
7910.0,석사소머리국밥전문점,소내장전골 (소),"20,000                            ",고기/구이
7910.0,석사소머리국밥전문점,술국 (소),"10,000                            ",국밥
7926.0,대감족발꼬꼬닭발,,,
7927.0,틸,,,
7937.0,또보기목장,숯불삼.오겹살 (200g),"13,000                            ",고기/구이
7937.0,또보기목장,양념돼지갈비 (300g),"13,000                            ",고기/구이
7937.0,또보기목장,김치찌게,"5,000                            ",양식
7940.0,오필승닭발석사점,된장찌개,,양식
7940.0,오필승닭발석사점,양념삼겹살,,고기/구이
7940.0,오필승닭발석사점,갈매기살국내산,,국밥
7948.0,마라홀릭마라탕퇴계석사점,크림새우,,분식
7948.0,마라홀릭마라탕퇴계석사점,멘보샤,,양식
7948.0,마라홀릭마라탕퇴계석사점,칠리새우,,중식
7949.0,산촌흑염소,흑염소탕,"12,000                            ",백반
7949.0,산촌흑염소,흑염소얼큰탕,"12,000                            ",백반
7949.0,산촌흑염소,흑염소전골 (1인분),"20,000                            ",양식
7950.0,롱타우객잔,짜장면,"5,000                            ",중식
7950.0,롱타우객잔,짬뽕,"6,000                            ",중식
7950.0,롱타우객잔,탕수육(소),"16,000                            ",고기/구이
7961.0,청미래닭갈비,닭삼겹(1인분),"10,000                            ",치킨
7961.0,청미래닭갈비,볶음밥,"2,500                            ",양식
7961.0,청미래닭갈비,공기밥,"1,000                            ",양식
7962.0,황토영광장어,,,
7965.0,셰프의연어,생연어 (중),변동가격                            ,회
7965.0,셰프의연어,참치스페셜(중),변동가격                            ,회
7965.0,셰프의연어,생연어&타다키 (중),변동가격                            ,회
7966.0,륭림닭발,륭림닭발 (1인분),"9,000                            ",치킨
7966.0,륭림닭발,륭림똥집 (1인분),"9,000                            ",회
7966.0,륭림닭발,뼈없는닭발 (1인분),"12,000                            ",치킨
7969.0,황토집,,,
7976.0,곱창이야기,모듬곱창,,회
7976.0,곱창이야기,국수,,국수
7976.0,곱창이야기,볶음밥,,양식
7977.0,등대,회정식,,회
7977.0,등대,생우럭탕,,국밥
7977.0,등대,물회,,회
8000.0,박대감,갈매기살(150g),"15,000                            ",고기/구이
8000.0,박대감,등갈비(250g),"15,000                            ",고기/구이
8000.0,박대감,막창(200g),"16,000                            ",고기/구이
8007.0,구이가(강원대점),계란찜,,양식
8007.0,구이가(강원대점),구이가 벌집,,고기/구이
8007.0,구이가(강원대점),구이가불삼겹살,,고기/구이
8010.0,예그리나,에스프레소,,양식
8010.0,예그리나,아메리카노,,양식
8010.0,예그리나,카푸치노,,피자
8015.0,미도숯불갈비,돼지갈비 (250g),"14,000                            ",고기/구이
8015.0,미도숯불갈비,소갈비살 (200g),"17,000                            ",고기/구이
8015.0,미도숯불갈비,된장소면,"4,000                            ",양식
8017.0,오늘김밥,,,
8018.0,식당브아,,,
8020.0,소림생고기,등심 (200g),"35,000                            ",고기/구이
8020.0,소림생고기,갈비살 (150g),"30,000                            ",고기/구이
8020.0,소림생고기,육회,"29,000                            ",회
8023.0,제주돈통,제주생삼겹살 (180g),"17,000                            ",고기/구이
8023.0,제주돈통,제주생오겹살 (180g),"16,000                            ",고기/구이
8023.0,제주돈통,제주생목살 (180g),"16,000                            ",양식
8025.0,호호식당,급냉삼겹살,"14,000                            ",고기/구이
8025.0,호호식당,차돌박이,"16,000                            ",고기/구이
8025.0,호호식당,차돌순두부찌개,"6,000                            ",고기/구이
8027.0,송탄햄버거,불고기더블버거,"4,900                            ",버거
8027.0,송탄햄버거,더블버거,"3,900                            ",버거
8027.0,송탄햄버거,모짜치즈돈가스버거,"4,000                            ",양식
8029.0,한우가,명품등심,"42,000                            ",치킨
8029.0,한우가,명품안심,"42,000                            ",중식
8029.0,한우가,갈빗살,"33,000                            ",고기/구이
8030.0,새서울해장국,볶음밥,,양식
8030.0,새서울해장국,라면사리,,국수
8030.0,새서울해장국,콩나물해장국,,국밥
8039.0,곽만근갈비탕,갈비탕,"15,000                            ",고기/구이
8039.0,곽만근갈비탕,얼큰갈비탕,"15,000                            ",찜/탕/찌개
8039.0,곽만근갈비탕,전복갈비탕,"18,500                            ",고기/구이
8041.0,승도리네곱도리탕춘천점,곱도리탕(소)(맛집 랭킹 1위),"35,000                            ",고기/구이
8041.0,승도리네곱도리탕춘천점,곱도리탕(대)(맛집 랭킹 1위),"47,000                            ",백반
8041.0,승도리네곱도리탕춘천점,우도리탕(소)(맛집 랭킹 1위),"35,000                            ",백반
8043.0,아롬,에스프레소,"4,000                            ",양식
8043.0,아롬,아메리카노,"4,000                            ",양식
8043.0,아롬,카페라떼,"4,500                            ",백반
8051.0,플러스,,,
8052.0,두하막국수,물막국수,"7,000                            ",국수
8052.0,두하막국수,비빔막국수,"7,000                            ",국수
8052.0,두하막국수,칼국수,"7,000                            ",국수
8060.0,재왕무한리필양꼬치훠궈,양갈비살꼬치,,치킨
8060.0,재왕무한리필양꼬치훠궈,양갈비,,고기/구이
8060.0,재왕무한리필양꼬치훠궈,양다리,,고기/구이
8065.0,여로부대찌개,,,
8066.0,뉴,,,
8068.0,풍물옹심이,옹심이만,"13,000                            ",양식
8068.0,풍물옹심이,옹심이 칼국수,"10,000                            ",국수
8068.0,풍물옹심이,옹심이 감자전,"10,000                            ",중식
8071.0,행복한여자의공간,,,
8072.0,금별맥주춘천애막골점,,,
8074.0,소담소담,아메리카노,,양식
8074.0,소담소담,카페라떼,,백반
8074.0,소담소담,바닐라라떼,,백반
8080.0,늘푸른분식,,,
8085.0,신마포갈매기,마포갈매기,"7,900                            ",양식
8085.0,신마포갈매기,양념갈매기,"7,900                            ",국수
8085.0,신마포갈매기,매콤갈매기,"8,500                            ",양식
8086.0,해안막국수,막국수 (보),"8,000                            ",국수
8086.0,해안막국수,막국수 (곱),"9,000                            ",국수
8086.0,해안막국수,육개장칼국수,"8,000                            ",국수
8087.0,횡성기사식당,제육볶음 (+청국장),"11,000                            ",고기/구이
8087.0,횡성기사식당,동태찌개,"11,000                            ",찜/탕/찌개
8087.0,횡성기사식당,청국찌개,"8,000                            ",회
8091.0,BHC한림대점,마법클 한마리,"21,000                            ",치킨
8091.0,BHC한림대점,더블팝 순살 양념,"23,000                            ",고기/구이
8091.0,BHC한림대점,HOT 후라이드 콤보,"20,000                            ",치킨
8093.0,캣츠,,,
8094.0,충남삼계탕박물관점,사리,,분식
8094.0,충남삼계탕박물관점,녹각삼계탕,,백반
8094.0,충남삼계탕박물관점,삼계탕,,중식
8095.0,청솔한우,,,
8098.0,문라이트,,,
8106.0,설악추어탕,추어탕,,중식
8106.0,설악추어탕,통추어탕,,중식
8106.0,설악추어탕,얼큰이 추어탕,,국밥
8109.0,닭장,묵은지닭한마리1인분(순살300g/뼈반마리),"12,000                            ",고기/구이
8109.0,닭장,닭떡볶이 1인분(순살1인분150g),"8,900                            ",고기/구이
8109.0,닭장,닭도리탕1인분(순살300g/뼈반마리),"11,500                            ",고기/구이
8117.0,커피구루,,,
8121.0,"더플레이스,곶",,,
8128.0,채가네순대국,야채곱창,"9,000                            ",분식
8128.0,채가네순대국,순대국,"8,000                            ",국밥
8128.0,채가네순대국,술국,"13,000                            ",양식
8129.0,닭발집,땡촌닭발,"10,000                            ",치킨
8129.0,닭발집,땡촌날개,"10,000                            ",중식
8129.0,닭발집,땡촌무뼈닭발,"10,000                            ",고기/구이
8141.0,영구네식당,살로만치킨 1,"14,000                            ",치킨
8141.0,영구네식당,살로만치킨 2,"15,000                            ",치킨
8141.0,영구네식당,살로만치킨 3,"15,000                            ",치킨
8160.0,강대맥주창고,진토닉,"5,900                            ",중식
8160.0,강대맥주창고,체리콕,"5,900                            ",회
8160.0,강대맥주창고,멜론샤워,"5,900                            ",중식
8161.0,퓨전안동찜닭,전통안동찜닭 (소),"17,000                            ",고기/구이
8161.0,퓨전안동찜닭,전통안동찜닭 (특소),"21,000                            ",고기/구이
8161.0,퓨전안동찜닭,전통안동찜닭 (중),"24,000                            ",중식
8162.0,메가커피강원대점,,,
8164.0,소란,우삼겹 숙주구이,"15,900                            ",고기/구이
8164.0,소란,냉동삼겹살,"9,900                            ",고기/구이
8164.0,소란,차돌박이,"10,000                            ",고기/구이
8165.0,김밥나라,김밥,"2,000                            ",양식
8165.0,김밥나라,라면,"3,000                            ",국수
8165.0,김밥나라,쫄면,"5,000                            ",국수
8170.0,지리산토종흑돼지,흑돼지구이,,백반
8170.0,지리산토종흑돼지,흑돼지생삼겹살,,고기/구이
8170.0,지리산토종흑돼지,김치찌개,,찜/탕/찌개
8171.0,노란,새우크림카레,"9,500                            ",중식
8171.0,노란,치킨카레,"9,000                            ",치킨
8171.0,노란,돈까스카레,"9,000                            ",돈까스
8176.0,코리아,,,
8180.0,교촌치킨석사점,교촌오리지날,"19,000                            ",치킨
8180.0,교촌치킨석사점,교촌콤보,"22,000                            ",분식
8180.0,교촌치킨석사점,교촌윙,"22,000                            ",치킨
8183.0,쏘마,,,
8184.0,바다마을,모듬스페샬 (소),"100,000                            ",고기/구이
8184.0,바다마을,모듬스페샬 (중),"150,000                            ",회
8184.0,바다마을,모듬스페샬 (대),"250,000                            ",회
8187.0,레드립(Red Lip),,,
8194.0,물안개식당,,,
8195.0,베이스먼트(Basement),아메리카노,"4,000                            ",양식
8195.0,베이스먼트(Basement),카페라떼,"4,500                            ",백반
8195.0,베이스먼트(Basement),바닐라라떼,"5,000                            ",백반
8197.0,치킨퐁석사다온점,데이야끼오븐,,분식
8197.0,치킨퐁석사다온점,마약커리,,회
8197.0,치킨퐁석사다온점,매콤골뱅이무침,,돈까스
8200.0,명품탕수육,,,
8202.0,석사돌삼겹,,,
8203.0,오케이치킨(봄내점),,,
8216.0,열린무대,,,
8217.0,수누리감자탕(춘천점),우거지 감자탕,,국밥
8217.0,수누리감자탕(춘천점),묵은지 감자탕,,찜/탕/찌개
8217.0,수누리감자탕(춘천점),뼈 해물찜,,양식
8218.0,맛고을통닭,두마리 치킨 1메뉴,"31,000                            ",치킨
8218.0,맛고을통닭,후라이드치킨,"19,000                            ",치킨
8218.0,맛고을통닭,반반치킨,"21,000                            ",백반
8219.0,석사포차,떡볶이,"3,000                            ",분식
8219.0,석사포차,우동,"4,000                            ",국수
8219.0,석사포차,감자전,"8,000                            ",양식
8220.0,삼태기,냉채족발,"20,000                            ",국수
8220.0,삼태기,닭볶음탕,"18,000                            ",치킨
8220.0,삼태기,오징어볶음,"15,000                            ",고기/구이
8221.0,병천시골순대국밥,순대국밥,"8,000                            ",국밥
8221.0,병천시골순대국밥,황태해장국,"8,000                            ",국밥
8221.0,병천시골순대국밥,모듬순대(소),"15,000                            ",고기/구이
8222.0,뚱이수육국밥,뚱이냉면,"6,000                            ",양식
8222.0,뚱이수육국밥,뚱이술국,"17,000                            ",국밥
8222.0,뚱이수육국밥,뚱이전골,"25,000                            ",양식
8225.0,소양강숯불오리,로스구이,,회
8225.0,소양강숯불오리,된장찌개,,양식
8225.0,소양강숯불오리,잔치국수,,국수
8228.0,진수성찬,복지리+매운탕,"12,000                            ",찜/탕/찌개
8228.0,진수성찬,장치찜(중),"38,000                            ",양식
8228.0,진수성찬,가자미찜(중),"30,000                            ",고기/구이
8229.0,꿀돼지생삼겹살,,,
8230.0,석사왕막걸리,갈매기살 (200g),"13,000                            ",고기/구이
8230.0,석사왕막걸리,돼지목살 (200g),"13,000                            ",고기/구이
8230.0,석사왕막걸리,돼지막창 (200g),"13,000                            ",고기/구이
8231.0,미스타빈,마른안주,"9,000                            ",양식
8231.0,미스타빈,오징어 볶음,"13,000                            ",고기/구이
8231.0,미스타빈,매운 닭발,"15,000                            ",고기/구이
8251.0,먹보갈비,돼지갈비,,고기/구이
8251.0,먹보갈비,생삼겹살,,양식
8251.0,먹보갈비,갈매기살,,고기/구이
8252.0,자미해장국,섞어탕(특),"9,000                            ",국밥
8252.0,자미해장국,섞어탕(보),"8,000                            ",회
8252.0,자미해장국,우거지갈비해장국(특),"11,000                            ",국밥
8253.0,홍탁삼합,,,
8266.0,남부푸드,,,
8268.0,황제돼지갈비효자점,,,
8271.0,하림통닭,,,
8275.0,제주옥탑춘천스무숲점,,,
8279.0,가마골인삼순대,,,
8280.0,해마루스무숲점,,,
8282.0,막리단길춘천애막골점,막리단길쟁반술상9가지,"29,900                            ",국수
8282.0,막리단길춘천애막골점,고기김치전,"14,000                            ",고기/구이
8282.0,막리단길춘천애막골점,청양새우부추전,"15,000                            ",고기/구이
8285.0,원대감감자탕,,,
8292.0,쪼끼쪼끼,양념후라이드치킨,,치킨
8292.0,쪼끼쪼끼,사이후라이드치킨,,치킨
8292.0,쪼끼쪼끼,골뱅이&사이후라이드치킨,,고기/구이
8293.0,콩닭콩닭,닭한마리 (소),"22,000                            ",치킨
8293.0,콩닭콩닭,순살 닭한마리 (1인분),"12,000                            ",치킨
8293.0,콩닭콩닭,닭도리탕 (소),"22,000                            ",치킨
8294.0,설맥(석사점),쌈스테이키,,치킨
8294.0,설맥(석사점),대파불오징어,,고기/구이
8294.0,설맥(석사점),곱창짜글이,,고기/구이
8299.0,앳(AT),,,
8304.0,신토불이,김치찌개,"8,000                            ",찜/탕/찌개
8304.0,신토불이,된장찌개,"8,000                            ",양식
8304.0,신토불이,두부찌개,"8,000                            ",양식
8305.0,맘스터치(석사점),딥치즈버거,,버거
8305.0,맘스터치(석사점),싸이버거,,회
8305.0,맘스터치(석사점),디럭스불고기버거,,고기/구이
8307.0,혼,,,
8317.0,육회야문연어춘천점,,,
8320.0,룽타우객잔딜리버리,,,
8321.0,나들목주당,노가리,,고기/구이
8321.0,나들목주당,먹태,,양식
8321.0,나들목주당,마른안주,,양식
8322.0,만남,,,
8323.0,춘천옥수한방코다리,,,
8325.0,오도순순대국,순대국,"8,000                            ",국밥
8325.0,오도순순대국,얼큰순대국,"8,000                            ",국밥
8325.0,오도순순대국,순대국(특),"10,000                            ",국밥
8327.0,우주종합어시장,활어회,,고기/구이
8327.0,우주종합어시장,도다리,,회
8327.0,우주종합어시장,혼술활어회,,양식
8328.0,뽁밥,계란말이,,양식
8328.0,뽁밥,계란후라이,,양식
8328.0,뽁밥,레모네이드,,중식
8333.0,꽃띠,,,
8334.0,목구멍춘천점,미박삼겹살,,고기/구이
8334.0,목구멍춘천점,특목살,,고기/구이
8334.0,목구멍춘천점,갈비본살,,고기/구이
8336.0,춘천민물횟집,향어,,회
8336.0,춘천민물횟집,잡고기,,고기/구이
8336.0,춘천민물횟집,매운탕,,회
8345.0,황금어장,회무침,,회
8345.0,황금어장,도다리,,회
8345.0,황금어장,숭어,,회
8346.0,스푼더마켓,(평일)소고기샤브샤브 런치SET (1인분),"8,000                            ",고기/구이
8346.0,스푼더마켓,(평일)소고기샤브샤브 런치무한리필 (1인분),"15,000                            ",고기/구이
8346.0,스푼더마켓,(디너)소고기 샤브샤브 (1인분),"11,000                            ",고기/구이
8359.0,고피자(춘천석사점),짜짜로니 피자,,피자
8359.0,고피자(춘천석사점),콘케이노 치킨 피자,,치킨
8359.0,고피자(춘천석사점),콘소메 치킨 피자,,치킨
8362.0,밥보네집,,,
8363.0,커피톡(coffee-talk),플레인크로플,,중식
8363.0,커피톡(coffee-talk),아이스크림크로플,,백반
8363.0,커피톡(coffee-talk),크림치즈크로플,,양식
8371.0,돈카돈까(퇴계점),크림빠네,"12,500                            ",피자
8371.0,돈카돈까(퇴계점),로제빠네,"12,500                            ",피자
8371.0,돈카돈까(퇴계점),까르보나라,"9,500                            ",국수
8379.0,기막힌밥상,,,
8386.0,748커피앤코(coffee&co),,,
8403.0,홍익돈까스,홍익돈까스,"13,000                            ",양식
8403.0,홍익돈까스,돈까스 정식,"12,500                            ",국밥
8403.0,홍익돈까스,해물토마토파스타,"14,000                            ",피자
8404.0,레스토랑돈까스,치킨까스,,치킨
8404.0,레스토랑돈까스,생선까스,,분식
8404.0,레스토랑돈까스,왕돈까스,,돈까스
8415.0,동경,동경특사시미,"100,000                            ",일식
8415.0,동경,동경사시미,"57,000                            ",일식
8415.0,동경,특정식,"39,000                            ",양식
8423.0,대박포차,,,
8424.0,화동손칼국수,보리밥,"7,000                            ",국밥
8424.0,화동손칼국수,장칼국수,"6,000                            ",국수
8424.0,화동손칼국수,칼국수,"6,000                            ",국수
8428.0,태평소스무숲점,한우살치살 (150g),"41,000                            ",고기/구이
8428.0,태평소스무숲점,한우육회 (150g),"22,000                            ",고기/구이
8428.0,태평소스무숲점,항정살 (200g),"19,000                            ",찜/탕/찌개
8431.0,엄마생각,,,
8434.0,경포대횟집,스페셜75,"75,000                            ",양식
8434.0,경포대횟집,스페셜85,"85,000                            ",양식
8434.0,경포대횟집,활어회메뉴(소),"35,000                            ",고기/구이
8435.0,간이역효자역점,삼겹말이세트,,고기/구이
8435.0,간이역효자역점,닭날개꼬치,,치킨
8435.0,간이역효자역점,닭목살꼬치,,치킨
8441.0,대포항횟집,광어(소),"40,000                            ",회
8441.0,대포항횟집,세꼬시(소),"45,000                            ",중식
8441.0,대포항횟집,놀래미(소),"45,000                            ",고기/구이
8452.0,오솔길,매운갈비찜 (대),"49,000                            ",고기/구이
8452.0,오솔길,매운갈비찜 (중),"39,000                            ",고기/구이
8452.0,오솔길,매운갈비찜 (소),"29,000                            ",고기/구이
8454.0,황가네돈까스,모듬돈까스,"8,000                            ",국밥
8454.0,황가네돈까스,돈까스(등심),"7,000                            ",돈까스
8454.0,황가네돈까스,고기고로께까스,"7,000                            ",양식
8457.0,삼광식당,삼광한상,"59,000                            ",중식
8457.0,삼광식당,삼광세트,"39,000                            ",회
8457.0,삼광식당,냉동삼겹살 (200g),"10,000                            ",고기/구이
8459.0,포차앤쿡춘천점,,,
8465.0,달빛포차,바지락 폭탄술찜,"14,900                            ",회
8465.0,달빛포차,노가리,"1,900                            ",고기/구이
8465.0,달빛포차,골뱅이무침,"18,000                            ",고기/구이
8466.0,향원식당,가정식 백반,"7,000                            ",국밥
8466.0,향원식당,된장찌개,"8,000                            ",양식
8466.0,향원식당,동태찌개,"8,000                            ",찜/탕/찌개
8467.0,충남식당,,,
8488.0,공지천왕갈비스무숲점,수제돼지갈비,,고기/구이
8488.0,공지천왕갈비스무숲점,오돌갈비,,고기/구이
8488.0,공지천왕갈비스무숲점,양념갈비,,고기/구이
8491.0,삼락,삼겹살 (1인분),"7,000                            ",고기/구이
8491.0,삼락,항정살 (1인분),"7,000                            ",죽
8491.0,삼락,갈매기살 (1인분),"7,000                            ",고기/구이
8509.0,청춘집,삼겹살 국내산(200g),"13,000                            ",고기/구이
8509.0,청춘집,삼겹살 칠레/멕시코산 (200g),"9,000                            ",고기/구이
8509.0,청춘집,생목살(200g),"9,000                            ",죽
8511.0,피자알볼로,마르게리타 L,"19,000                            ",양식
8511.0,피자알볼로,잠봉루꼴라피자 L,"22,000                            ",피자
8511.0,피자알볼로,쉬림프&핫치킨피자 L,"28,000                            ",양식
8514.0,남부닭갈비,,,
8515.0,경화루,,,
8516.0,서울녹각삼계탕,녹각삼계탕,"12,000                            ",백반
8516.0,서울녹각삼계탕,상황삼계탕,"14,000                            ",백반
8516.0,서울녹각삼계탕,옻삼계탕,"15,000                            ",양식
8517.0,장안돌구이,생삼겹살,,양식
8517.0,장안돌구이,소갈비살,,고기/구이
8517.0,장안돌구이,된장찌개,,양식
8518.0,왕가,,,
8519.0,주영이네,냉동삼겹살,"12,000                            ",고기/구이
8519.0,주영이네,흑돼지생삼겹살,"16,000                            ",고기/구이
8519.0,주영이네,된장찌개,"3,000                            ",양식
8534.0,돈차,냉동삼겹살(180g),"13,000                            ",고기/구이
8534.0,돈차,생삼겹살(180g),"15,000                            ",고기/구이
8534.0,돈차,차돌박이(150g),"15,000                            ",고기/구이
8552.0,장군막창구이,돼지막창 (150g),"10,000                            ",고기/구이
8552.0,장군막창구이,소갈비살 (150g),"15,000                            ",고기/구이
8552.0,장군막창구이,돼지목살 (150g),"11,000                            ",고기/구이
8553.0,피그램,,,
8554.0,푸라닭춘천석사점,김미바삭,"19,900                            ",중식
8554.0,푸라닭춘천석사점,씬 후라이드,"17,900                            ",치킨
8554.0,푸라닭춘천석사점,블랙알리오,"19,900                            ",백반
8555.0,회춘,,,
8556.0,황골우족탕,,,
8557.0,커피나무숲,,,
8559.0,시민횟집,시민스페셜,"100,000                            ",회
8559.0,시민횟집,광어 (소),"40,000                            ",회
8559.0,시민횟집,우럭 (소),"40,000                            ",고기/구이
8562.0,큰손양대창곱창구이,담백한 백양구이 (200g),"28,000                            ",백반
8562.0,큰손양대창곱창구이,특양구이 (200g),"26,000                            ",고기/구이
8562.0,큰손양대창곱창구이,대창구이 (230g),"25,000                            ",고기/구이
8565.0,용두동할매쭈꾸미,쭈꾸미(1인분),"13,000                            ",양식
8565.0,용두동할매쭈꾸미,두부더덕구이,"18,000                            ",양식
8565.0,용두동할매쭈꾸미,해물파전,"17,000                            ",양식
8569.0,존맛깐도리,,,
8571.0,양구함흥손냉면,회냉면,"10,000                            ",양식
8571.0,양구함흥손냉면,물냉면,"9,000                            ",양식
8571.0,양구함흥손냉면,비빔냉면,"9,000                            ",양식
8573.0,하오하오,양장피,"23,000                            ",양식
8573.0,하오하오,팔보채,"25,000                            ",분식
8573.0,하오하오,칠리중새우,"22,000                            ",치킨
8577.0,해미연풍우가,,,
8578.0,봉가,,,
8580.0,륭림닭발1호점,륭림똥집 (1인분),"9,000                            ",회
8580.0,륭림닭발1호점,무뼈닭발 (1인분),"12,000                            ",고기/구이
8580.0,륭림닭발1호점,륭림불닭 (1인분),"9,000                            ",치킨
8593.0,봉수닭갈비,닭갈비 (300g),"13,000                            ",고기/구이
8593.0,봉수닭갈비,닭내장 (300g),"13,000                            ",치킨
8593.0,봉수닭갈비,막국수,"6,000                            ",국수
8594.0,프라이빗,,,
8595.0,이타리아떡볶이,,,
8596.0,스시준,,,
8597.0,춘향,,,
8598.0,원앙닭갈비,정통닭갈비 (1인분),"11,000                            ",고기/구이
8598.0,원앙닭갈비,카레닭갈비 (1인분),"11,000                            ",고기/구이
8598.0,원앙닭갈비,닭내장 (1인분),"11,000                            ",치킨
8599.0,투다리석사점,우동,,국수
8599.0,투다리석사점,태양초치즈닭갈비,,고기/구이
8599.0,투다리석사점,모래집볶음,,양식
8603.0,황씨보쌈,보쌈(소),"28,000                            ",고기/구이
8603.0,황씨보쌈,삼합(소),"38,000                            ",중식
8603.0,황씨보쌈,홍어,"18,000                            ",고기/구이
8604.0,육회왕자연어공주춘천1호점,,,
8606.0,오븐마루치킨춘천석사점,오리지널 로스트,,고기/구이
8606.0,오븐마루치킨춘천석사점,바베큐 로스트,,고기/구이
8606.0,오븐마루치킨춘천석사점,데리갈릭 로스트,,고기/구이
8607.0,황소돌곱창구이,곱창구이 (1인분),"23,000                            ",고기/구이
8607.0,황소돌곱창구이,곱창전골 (대),"48,000                            ",백반
8607.0,황소돌곱창구이,곱창전골 (중),"38,000                            ",고기/구이
8608.0,쭈꾸미도사,쭈차새,"16,000                            ",양식
8608.0,쭈꾸미도사,쭈곱새,"16,000                            ",분식
8608.0,쭈꾸미도사,삼겹 쭈꾸미,"16,000                            ",피자
8609.0,꼴두바우애막골점,양념 야채막창,"12,000                            ",국수
8609.0,꼴두바우애막골점,막창,"9,500                            ",고기/구이
8609.0,꼴두바우애막골점,버터 새우구이,"10,000                            ",고기/구이
8610.0,명품송어,송어 1kg (2인),"34,000                            ",회
8610.0,명품송어,송어 1.5kg (3인),"50,000                            ",회
8610.0,명품송어,향어 1kg (2인),"28,000                            ",회
8611.0,우리푸드,,,
8612.0,석사돈사무소,,,
8618.0,레스토랑라운지,,,
8627.0,청년반점춘천석사점,차돌박이짬뽕,"10,000                            ",고기/구이
8627.0,청년반점춘천석사점,뚝빼기뼈짬뽕,"10,000                            ",국수
8627.0,청년반점춘천석사점,볶음짬뽕,"8,500                            ",중식
8629.0,비와별닭갈비본점,원조 닭갈비,"14,000                            ",치킨
8629.0,비와별닭갈비본점,낙지 닭갈비,"19,000                            ",양식
8629.0,비와별닭갈비본점,퐁듀 치즈 닭갈비,"16,000                            ",고기/구이
8630.0,빨간장화,,,
8634.0,한양왕족발보쌈,,,
8635.0,착한짜장,짜장면,,중식
8635.0,착한짜장,짬뽕,,중식
8635.0,착한짜장,짬뽕밥,,중식
8639.0,함지박2호점,,,
8645.0,투다리호반점,우동,,국수
8645.0,투다리호반점,태양초치즈닭갈비,,고기/구이
8645.0,투다리호반점,모래집볶음,,양식
8658.0,신불야성,,,
8674.0,이쁜이 소주방,,,
8677.0,투다리효자3점,우동,,국수
8677.0,투다리효자3점,태양초치즈닭갈비,,고기/구이
8677.0,투다리효자3점,모래집볶음,,양식
8683.0,인생고기,생삼겹살 (200g),"15,000                            ",고기/구이
8683.0,인생고기,돼지갈비 (300g),"15,000                            ",고기/구이
8683.0,인생고기,항정살 (200g),"18,000                            ",찜/탕/찌개
8684.0,멕시카나치킨(석사점),땡초치킨,"20,000                            ",치킨
8684.0,멕시카나치킨(석사점),후라이드치킨,"18,000                            ",치킨
8684.0,멕시카나치킨(석사점),반반치킨,"19,000                            ",백반
8685.0,옥탑방오봉자싸롱,,,
8687.0,퍼블릭초콜래토리(Public Chocolatory),70% 핫 초콜릿,"6,500                            ",양식
8687.0,퍼블릭초콜래토리(Public Chocolatory),100% 핫 초콜릿,"6,700                            ",회
8687.0,퍼블릭초콜래토리(Public Chocolatory),칠리 핫 초콜릿,"6,500                            ",중식
8694.0,꾸브라꼬숯불두마리치킨,후라이드,,치킨
8694.0,꾸브라꼬숯불두마리치킨,양념치킨,,치킨
8694.0,꾸브라꼬숯불두마리치킨,마늘간장치킨,,치킨
8701.0,육림보쌈,돼지갈비 (300g),"11,000                            ",고기/구이
8701.0,육림보쌈,주물럭 (300g),"13,000                            ",양식
8701.0,육림보쌈,비빔국수,"5,000                            ",국수
8706.0,성심식당,,,
8707.0,진영루,,,
8708.0,마을집,떡만두국,"7,000                            ",국밥
8708.0,마을집,칼만두국,"7,000                            ",국밥
8708.0,마을집,비빔국수,"7,000                            ",국수
8717.0,아무거나,옻닭,"40,000                            ",양식
8717.0,아무거나,옻오리,"40,000                            ",양식
8717.0,아무거나,돼지고기 김치찌개 (소),"10,000                            ",고기/구이
8723.0,라왕푸마라탕양꼬치,지삼선,,중식
8723.0,라왕푸마라탕양꼬치,마파두부,,양식
8723.0,라왕푸마라탕양꼬치,꿔바로우,,중식
8759.0,홍어와탁주,회무침,"30,000                            ",회
8759.0,홍어와탁주,홍어찜,"35,000                            ",회
8759.0,홍어와탁주,삼합,"40,000                            ",중식
8760.0,연희내칼국수,,,
8761.0,대암감자탕,감자탕 (소),"22,000                            ",중식
8761.0,대암감자탕,순대곱창전골 (소),"22,000                            ",고기/구이
8761.0,대암감자탕,부대찌개 (소),"20,000                            ",국밥
8765.0,정담은,된장정식,"10,000                            ",양식
8765.0,정담은,두부전골,"10,000                            ",양식
8765.0,정담은,담은 쌈 정식,"13,000                            ",양식
8785.0,오성급정육식당,삼겹살,"9,000                            ",고기/구이
8785.0,오성급정육식당,목살,"9,000                            ",양식
8785.0,오성급정육식당,항정살,"10,000                            ",중식
8786.0,만석식당(강원대점),직화불고기정식,"8,000                            ",고기/구이
8786.0,만석식당(강원대점),제육불고기정식 (2인),"15,000                            ",고기/구이
8786.0,만석식당(강원대점),제육덮밥,"5,500                            ",국밥
8788.0,강대곱창타운,야채곱창,"8,000                            ",분식
8788.0,강대곱창타운,순대곱창,"8,000                            ",국밥
8788.0,강대곱창타운,알곱창,"9,000                            ",분식
8795.0,사랑채,,,
8796.0,주래등석사점,,,
8797.0,춘천유명닭갈비,,,
8798.0,향토마을,,,
8799.0,반마리 닭국수,순한맛,"7,000                            ",양식
8799.0,반마리 닭국수,얼큰한맛,"7,500                            ",회
8799.0,반마리 닭국수,뼈없는 순한맛,"7,000                            ",죽
8800.0,노다지,,,
8801.0,형과아우,2가지맛 부대찌개 (1인분),"6,900                            ",찜/탕/찌개
8801.0,형과아우,5가지맛 부대찌개 (1인분),"7,900                            ",찜/탕/찌개
8801.0,형과아우,부대볶음 (1인분),"7,900                            ",고기/구이
8807.0,우람식당,,,
8808.0,처갓집양념치킨석사점,슈프림양념치킨,"21,000                            ",양식
8808.0,처갓집양념치킨석사점,치즈슈프림 양념치킨,"21,000                            ",치킨
8808.0,처갓집양념치킨석사점,허니올리고당야채양념치킨,"19,000                            ",양식
8809.0,이걸굽네,목살 (200g),"13,000                            ",고기/구이
8809.0,이걸굽네,항정살 (200g),"13,000                            ",찜/탕/찌개
8809.0,이걸굽네,갈비살 (200g),"13,000                            ",고기/구이
8810.0,정통집(애막골점),돼지김치구이 (대),"32,000                            ",고기/구이
8810.0,정통집(애막골점),돼지김치구이 (중),"27,000                            ",고기/구이
8810.0,정통집(애막골점),돼지김치구이 (소),"22,000                            ",고기/구이
8811.0,노가리까는집,,,
8812.0,한식명가,,,
8813.0,(주)한우기업,,,
8814.0,미고토국물닭발,,,
8815.0,뉴야마도라,,,
8816.0,벨몽드참참참스넥,떡볶이(1인분),"1,500                            ",분식
8816.0,벨몽드참참참스넥,튀김(3개),"3,000                            ",치킨
8816.0,벨몽드참참참스넥,모듬스페셜(1인분),"3,500                            ",회
8817.0,벨몽드본점김밥,,,
8818.0,너와집,김치전,"12,000                            ",양식
8818.0,너와집,김치두루치기,"17,000                            ",분식
8818.0,너와집,골뱅이소면,"17,000                            ",양식
8823.0,원주추어탕,통마리추어탕,"8,000                            ",국수
8823.0,원주추어탕,갈아추어탕,"10,000                            ",국밥
8823.0,원주추어탕,미꾸라지튀김,"10,000                            ",분식
8824.0,원조남부막국수,막국수,"7,000                            ",국수
8824.0,원조남부막국수,편육,"15,000                            ",분식
8824.0,원조남부막국수,모듬전,"7,000                            ",회
8840.0,이백장돈가스춘천교대점,쫄면 돈가스,"10,900                            ",돈까스
8840.0,이백장돈가스춘천교대점,토마토 파스타 돈가스,"13,900                            ",돈까스
8840.0,이백장돈가스춘천교대점,크림 파스타 돈가스,"13,900                            ",돈까스
8855.0,한지붕갈비,"소금,간장,양념 닭갈비 (320g)","13,000                            ",고기/구이
8855.0,한지붕갈비,수제돼지갈비 (300g),"13,000                            ",고기/구이
8855.0,한지붕갈비,생삼겹살 (200g),"14,000                            ",고기/구이
8860.0,혜리네스넥,떡볶이 (1인분),"2,000                            ",분식
8860.0,혜리네스넥,찹쌀순대 (1인분),"2,000                            ",분식
8860.0,혜리네스넥,모듬튀김 (1인분),"2,000                            ",찜/탕/찌개
8863.0,고향마차,,,
8871.0,먹촌가,,,
8886.0,운수대통닭갈비,닭갈비 (1인분),"9,000                            ",고기/구이
8886.0,운수대통닭갈비,닭내장 (1인분),"9,000                            ",치킨
8886.0,운수대통닭갈비,막국수,"6,000                            ",국수
8887.0,파파야,마르게리따피자,,피자
8887.0,파파야,샐러드,,양식
8887.0,파파야,블랜드,,회
8888.0,이모네돼지갈비부속구이,,,
8890.0,신육등,간장 등갈비찜 (1인분 400g),"15,000                            ",고기/구이
8890.0,신육등,매운 등갈비찜 (1인분 400g),"15,000                            ",고기/구이
8890.0,신육등,등갈비 김치찜 (2인분),"30,000                            ",고기/구이
8892.0,김밥세상,야채 김밥,"3,000                            ",양식
8892.0,김밥세상,치즈 김밥,"4,000                            ",양식
8892.0,김밥세상,참치 김밥,"4,000                            ",양식
8893.0,퇴계수산횟집,광어(소),"65,000                            ",회
8893.0,퇴계수산횟집,우럭,"65,000                            ",고기/구이
8893.0,퇴계수산횟집,도미(1kg),"60,000                            ",돈까스
8894.0,조개본능,조개구이,,회
8894.0,조개본능,무한리필조개구이,,고기/구이
8894.0,조개본능,가리비추가,,국수
8895.0,동산에머문정(情),,,
8896.0,단골손님춘천점,먹태,,양식
8896.0,단골손님춘천점,후르츠황도,,중식
8896.0,단골손님춘천점,소고기육전,,고기/구이
8897.0,청사초롱,,,
8902.0,동원칼국수,,,
8903.0,미도칼국수,,,
8906.0,처갓집양념치킨남부점,슈프림양념치킨,"21,000                            ",양식
8906.0,처갓집양념치킨남부점,치즈슈프림 양념치킨,"21,000                            ",치킨
8906.0,처갓집양념치킨남부점,허니올리고당야채양념치킨,"19,000                            ",양식
8907.0,왕짱구,왕짱구김밥 (8개),"3,000                            ",양식
8907.0,왕짱구,고기만두 (10개),"3,000                            ",고기/구이
8907.0,왕짱구,고기왕만두 (8개),"3,000                            ",고기/구이
8915.0,장할매국밥,김치 짜글이,"6,000                            ",양식
8915.0,장할매국밥,순두부 짜글이,"7,000                            ",백반
8915.0,장할매국밥,뼈다귀해장국,"7,000                            ",국밥
8925.0,소쿠리해장국,감자탕(소),"18,000                            ",중식
8925.0,소쿠리해장국,허파전골(소),"16,000                            ",찜/탕/찌개
8925.0,소쿠리해장국,뼈다귀해장국,"7,000                            ",국밥
8926.0,손칼국수,맷돌콩국수,"7,000                            ",국수
8926.0,손칼국수,해물손칼국수,"7,000                            ",국수
8926.0,손칼국수,해물얼큰손칼국수,"7,000                            ",국수
8937.0,역전할머니맥주강원대점,버터구이 오징어입,,고기/구이
8937.0,역전할머니맥주강원대점,한치,,중식
8937.0,역전할머니맥주강원대점,먹태,,양식
8938.0,인쌩맥주강원대점,쉬림프 큐브 스테이크,,양식
8938.0,인쌩맥주강원대점,인생 감바스,,양식
8938.0,인쌩맥주강원대점,소고기 짜파게티,,양식
8941.0,한솥도시락,매화,"10,500                            ",회
8941.0,한솥도시락,진달래,"7,800                            ",회
8941.0,한솥도시락,개나리,"8,500                            ",회
8958.0,사또호프치킨,,,
8959.0,주원,모듬전,"28,000                            ",회
8959.0,주원,파전,"13,500                            ",양식
8959.0,주원,동그랑땡,"12,000                            ",고기/구이
8960.0,큰골집,된장찌개,"7,000                            ",양식
8960.0,큰골집,김치찌개,"7,000                            ",찜/탕/찌개
8960.0,큰골집,두부찌개,"7,000                            ",양식
8967.0,대박네집,,,
8971.0,월담강원대점,,,
8972.0,사창리순대국,일반 순대국,"9,000                            ",국밥
8972.0,사창리순대국,얼큰 순대국,"9,000                            ",국밥
8972.0,사창리순대국,순대국 정식,"13,000                            ",국밥
8986.0,복성원,짬뽕,"5,000                            ",중식
8986.0,복성원,짜장면,"4,000                            ",중식
8986.0,복성원,만두,"4,000                            ",양식
8992.0,경성주막1929춘천점,통돼지김치찌개,,국밥
8992.0,경성주막1929춘천점,부대짜글이,,양식
8992.0,경성주막1929춘천점,차돌순두부찌개,,고기/구이
8993.0,대복갈매기살,,,
8994.0,화사랑,해물파전,"15,000                            ",양식
8994.0,화사랑,훈제칠면조,"20,000                            ",양식
8994.0,화사랑,만두전골,"15,000                            ",양식
9001.0,춘자,김치돼지찌개,,국밥
9001.0,춘자,김치참치찌개,,양식
9001.0,춘자,돼지껍데기,,죽
9002.0,소림마라 춘천점,마라탕,,중식
9002.0,소림마라 춘천점,로제마라탕,,양식
9002.0,소림마라 춘천점,마라샹궈,,중식
9003.0,청송막국수,막국수,"8,000                            ",국수
9003.0,청송막국수,떡만두국,"8,000                            ",국밥
9003.0,청송막국수,편육,"15,000                            ",분식
9006.0,공지천왕갈비(애막골점),돼지갈비,"13,000                            ",고기/구이
9006.0,공지천왕갈비(애막골점),삼겹살,"13,000                            ",고기/구이
9006.0,공지천왕갈비(애막골점),소갈비살,"15,000                            ",고기/구이
9030.0,좌우당간,,,
9031.0,윤일닭갈비,,,
9032.0,태양통닭,후라이드치킨,"17,000                            ",치킨
9032.0,태양통닭,살로만치킨,"17,000                            ",치킨
9032.0,태양통닭,똥집튀김,"13,000                            ",국밥
9033.0,어우러지,,,
9035.0,원메밀막국수,닭갈비(300g),"12,000                            ",고기/구이
9035.0,원메밀막국수,간장닭갈비(300g),"12,000                            ",고기/구이
9035.0,원메밀막국수,닭내장(300g),"12,000                            ",치킨
9036.0,코끼리백령골,놀부네 제육볶음,"18,000                            ",고기/구이
9036.0,코끼리백령골,흥부네 오삼불고기,"18,000                            ",고기/구이
9036.0,코끼리백령골,호동왕자와 낙랑공주 (해물파전 + 두부김치),"18,000                            ",양식
9042.0,부리또인강원대점,기본 부리또,"3,300                            ",양식
9042.0,부리또인강원대점,감자 부리또,"3,800                            ",양식
9042.0,부리또인강원대점,에그 부리또,"3,800                            ",회
9043.0,원(ONE),,,
9045.0,향희,짜장면,"4,000                            ",중식
9045.0,향희,짬뽕,"5,000                            ",중식
9045.0,향희,볶음밥,"5,000                            ",양식
9047.0,부영가정식백반,,,
9051.0,머루촌숯불갈비,돼지갈비 (250g),"12,000                            ",고기/구이
9051.0,머루촌숯불갈비,숯불닭갈비 (300g),"12,000                            ",고기/구이
9051.0,머루촌숯불갈비,생삼겹살 (200g),"13,000                            ",고기/구이
9055.0,대경식당,,,
9061.0,투다리강대점,우동,,국수
9061.0,투다리강대점,태양초치즈닭갈비,,고기/구이
9061.0,투다리강대점,모래집볶음,,양식
9063.0,참맛부흥닭갈비,,,
9093.0,퇴계골,불고기 (250g),"20,000                            ",고기/구이
9093.0,퇴계골,삼겹살 (200g),"12,000                            ",고기/구이
9093.0,퇴계골,황태구이정식 (1인분),"10,000                            ",백반
9101.0,봉실스넥,된장찌개,"5,000                            ",양식
9101.0,봉실스넥,순두부찌개,"5,000                            ",찜/탕/찌개
9101.0,봉실스넥,라면,"3,500                            ",국수
9102.0,올리,,,
9103.0,닭발어때,"닭발 (보통맛,중간맛,매운맛)","8,000                            ",고기/구이
9103.0,닭발어때,똥집,"8,000                            ",국밥
9103.0,닭발어때,껍데기,"7,000                            ",양식
9114.0,써나냉삼,된장찌개,,양식
9114.0,써나냉삼,김치찌개,,찜/탕/찌개
9114.0,써나냉삼,두부찌개,,양식
9116.0,올림짬뽕,,,
9117.0,장수장,짜장면,"5,000                            ",중식
9117.0,장수장,짬뽕,"6,000                            ",중식
9117.0,장수장,우동,"6,500                            ",국수
9126.0,산골손칼국수,칼국수,"7,000                            ",국수
9126.0,산골손칼국수,곱배기,"8,000                            ",분식
9126.0,산골손칼국수,공기밥,"1,000                            ",양식
9147.0,우리정육식당,,,
9148.0,옹달샘,황제탕 (대),"120,000                            ",회
9148.0,옹달샘,홍어삼합,"65,000                            ",회
9148.0,옹달샘,홍어회,"55,000                            ",회
9172.0,묵은지한상,,,
9173.0,피제이,,,
9174.0,뼈다귀천국,감자탕 (대),"33,000                            ",회
9174.0,뼈다귀천국,감자탕 (중),"28,000                            ",중식
9174.0,뼈다귀천국,감자탕 (소),"22,000                            ",중식
9182.0,품애,,,
9183.0,팔도한방오리,황토진흙오리구이,"70,000                            ",양식
9183.0,팔도한방오리,훈제오리바베큐,"65,000                            ",고기/구이
9183.0,팔도한방오리,회전오리구이(한마리),"59,000                            ",고기/구이
9192.0,육림객잔,갈비짬뽕,"10,800                            ",고기/구이
9192.0,육림객잔,짜장면,"6,800                            ",중식
9192.0,육림객잔,우삼겹 마라짬뽕,"9,800                            ",중식
9194.0,내린천,갈비살 (150g),"18,000                            ",고기/구이
9194.0,내린천,차돌박이 (150g),"16,000                            ",고기/구이
9194.0,내린천,생삼겹살 (200g),"16,000                            ",고기/구이
9195.0,구라닭,김미바삭,"19,900                            ",중식
9195.0,구라닭,씬 후라이드,"17,900                            ",치킨
9195.0,구라닭,블랙알리오,"19,900                            ",백반
9207.0,바다해물찜감자탕,,,
9209.0,가마솥순대국(애막골점),모듬순대,"10,000                            ",회
9209.0,가마솥순대국(애막골점),순대국,"7,000                            ",국밥
9209.0,가마솥순대국(애막골점),돼지국밥,"7,000                            ",국밥
9210.0,시골촌두부,,,
9213.0,구르메,돈까스간장계란덮밥,"5,900                            ",족발/보쌈
9213.0,구르메,소고기덮밥,"6,900                            ",국밥
9213.0,구르메,새우튀김간장계란덮밥,"7,900                            ",중식
9215.0,우리식당,,,
9216.0,푸드엠에이,,,
9217.0,기륜각,짜장면,"7,000                            ",중식
9217.0,기륜각,해물짬뽕,"9,500                            ",중식
9217.0,기륜각,차돌박이짬뽕,"9,500                            ",고기/구이
9218.0,그린닭갈비,닭갈비 (1인분),"11,000                            ",고기/구이
9218.0,그린닭갈비,막국수,"7,000                            ",국수
9218.0,그린닭갈비,감자전,"10,000                            ",양식
9230.0,니하오양꼬치,양꼬치 (1인분),"11,000                            ",분식
9230.0,니하오양꼬치,꿔보러우,"15,000                            ",분식
9230.0,니하오양꼬치,훠궈,"38,000                            ",양식
9236.0,청평미가,갈매기살(200g),"12,000                            ",고기/구이
9236.0,청평미가,생삼겹살(200g),"11,000                            ",고기/구이
9236.0,청평미가,제육볶음(200g),"10,000                            ",고기/구이
9237.0,순이네,닭볶음탕,"28,000                            ",치킨
9237.0,순이네,순살닭볶음탕,"30,000                            ",치킨
9237.0,순이네,순이네 찜닭,"28,000                            ",고기/구이
9238.0,bhc애막골점,마법클 한마리,"21,000                            ",치킨
9238.0,bhc애막골점,더블팝 순살 양념,"23,000                            ",고기/구이
9238.0,bhc애막골점,HOT 후라이드 콤보,"20,000                            ",치킨
9254.0,중화루,점심특선 (1인),"13,000                            ",양식
9254.0,중화루,아몬드유린기,"25,000                            ",양식
9254.0,중화루,찹쌀탕수육,"20,000                            ",국밥
9260.0,길림성,,,
9261.0,씨씨알호프,쥐포,,고기/구이
9261.0,씨씨알호프,아이스황도,,분식
9261.0,씨씨알호프,용대리먹태,,양식
9269.0,미가,특수부위(150g),"38,000                            ",양식
9269.0,미가,갈비살(150g),"28,000                            ",고기/구이
9269.0,미가,양념갈비살(180g),"30,000                            ",고기/구이
9272.0,번개치킨,후라이드,,치킨
9272.0,번개치킨,반반치킨,,백반
9272.0,번개치킨,양념치킨,,치킨
9273.0,써니7080,,,
9278.0,청사초롱,,,
9295.0,형제반점,콩국수,"7,000                            ",국수
9295.0,형제반점,비빔국수,"6,000                            ",국수
9295.0,형제반점,물냉면,"6,000                            ",양식
9296.0,은하식당,,,
9301.0,효자동해물칼국수,,,
9302.0,남도영양탕,,,
9303.0,로맨스호프,,,
9304.0,(주)호반월드,,,
9305.0,진미닭갈비본점,닭갈비 (1인분),"14,000                            ",고기/구이
9305.0,진미닭갈비본점,닭내장,"14,000                            ",치킨
9305.0,진미닭갈비본점,볶음밥,"3,000                            ",양식
9306.0,파라다이스,,,
9311.0,김밥천국,라면,,국수
9311.0,김밥천국,덮밥류,,양식
9311.0,김밥천국,김밥,,양식
9319.0,리얼전,동태전,"6,000                            ",회
9319.0,리얼전,감자전,"6,000                            ",양식
9319.0,리얼전,두부구이,"6,000                            ",양식
9320.0,꼬꼬랑꼬치랑,양념치킨,"15,000                            ",치킨
9320.0,꼬꼬랑꼬치랑,간장치킨,"15,000                            ",치킨
9320.0,꼬꼬랑꼬치랑,매운양념,"15,000                            ",양식
9321.0,애막골진미감자탕,,,
9327.0,예술관,,,
9328.0,남부순대국,순대국,"8,000                            ",국밥
9328.0,남부순대국,술국,"11,000                            ",양식
9328.0,남부순대국,콩나물해장국,"7,000                            ",국밥
9332.0,페리카나팔호광장점,후라이드,,치킨
9332.0,페리카나팔호광장점,양념치킨,,치킨
9332.0,페리카나팔호광장점,반반치킨,,백반
9336.0,행복한두부,두부전골,"9,000                            ",양식
9336.0,행복한두부,두부버섯전골,"10,000                            ",양식
9336.0,행복한두부,두부해물전골,"13,000                            ",양식
9337.0,신마포갈매기(강원대점),마포갈매기,"7,900                            ",양식
9337.0,신마포갈매기(강원대점),양념갈매기,"7,900                            ",국수
9337.0,신마포갈매기(강원대점),매콤갈매기,"8,500                            ",양식
9338.0,활어포차본점,모둠회,,회
9338.0,활어포차본점,광어,,회
9338.0,활어포차본점,도미,,고기/구이
9355.0,네오피자춘천점,,,
9372.0,원주맛통닭,,,
9374.0,토대력(춘천점),토대력 꼬치세트,,양식
9374.0,토대력(춘천점),매운 닭세트,,치킨
9374.0,토대력(춘천점),닭산적 꼬치,,치킨
9384.0,석사반점,,,
9393.0,불난집,모듬구이(200g),"15,000                            ",고기/구이
9393.0,불난집,돼지갈비(350g),"14,000                            ",고기/구이
9393.0,불난집,한우등심(200g),"33,000                            ",고기/구이
9394.0,팔호스넥,왕짱구김밥(8개),"3,000                            ",양식
9394.0,팔호스넥,고기왕만두(8개),"3,000                            ",고기/구이
9394.0,팔호스넥,고기만두(10개),"3,000                            ",고기/구이
9395.0,빙수의집,인절미팥빙수,"9,900                            ",백반
9395.0,빙수의집,오레오초코빙수,"13,500                            ",회
9395.0,빙수의집,딸기셔벳빙수,"13,500                            ",국수
9404.0,비와별닭갈비애막골점,원조 닭갈비 (300g),"15,000                            ",고기/구이
9404.0,비와별닭갈비애막골점,매운 닭갈비 (300g),"15,000                            ",고기/구이
9404.0,비와별닭갈비애막골점,모짜렐라치즈 닭갈비 (300g),"19,000                            ",고기/구이
9405.0,김양비어앤포차춘천석사점,,,
9406.0,환희관,한판구이 통삼겹,"15,000                            ",고기/구이
9406.0,환희관,한판구이 통목살,"15,000                            ",고기/구이
9406.0,환희관,한판구이 통껍데기,"9,000                            ",백반
9407.0,시민닭갈비,,,
9415.0,은혜네해물칼국수,해물칼국수,"7,000                            ",국수
9415.0,은혜네해물칼국수,해물만두칼국수,"7,000                            ",국수
9415.0,은혜네해물칼국수,장칼국수,"6,000                            ",국수
9417.0,용수골순두부,,,
9418.0,썬호프,마른안주류,,양식
9418.0,썬호프,노가리,,고기/구이
9418.0,썬호프,먹태,,양식
9422.0,주동아리,후라이드치킨,,치킨
9422.0,주동아리,작은피자,,피자
9422.0,주동아리,피자,,피자
9423.0,감미옥설렁탕,꼬리곰탕,"18,000                            ",국밥
9423.0,감미옥설렁탕,도가니탕,"16,000                            ",국밥
9423.0,감미옥설렁탕,갈비탕,"16,000                            ",고기/구이
9429.0,밀밭해물칼국수,해물칼국수,"8,000                            ",국수
9429.0,밀밭해물칼국수,바지락칼국수,"9,000                            ",국수
9429.0,밀밭해물칼국수,수제비해물칼국수,"9,000                            ",국수
9430.0,옛날잔치국수,잔치국수 (보통),"4,000                            ",국수
9430.0,옛날잔치국수,비빔국수 (보통),"5,000                            ",국수
9430.0,옛날잔치국수,닭똥집,"10,000                            ",치킨
9439.0,비비큐(BBQ)(애막골점),BBQ 양념치킨,"21,500                            ",고기/구이
9439.0,비비큐(BBQ)(애막골점),황올 반+BBQ양념 반,"21,000                            ",회
9439.0,비비큐(BBQ)(애막골점),바삭갈릭,"21,000                            ",중식
9440.0,삼겹천하,생삼겹살 (200g),"12,000                            ",고기/구이
9440.0,삼겹천하,오겹살 (200g),"12,000                            ",고기/구이
9440.0,삼겹천하,목살소금구이 (200g),"12,000                            ",고기/구이
9441.0,모퉁이식당,감자전,,양식
9441.0,모퉁이식당,크림수제비,,국수
9441.0,모퉁이식당,육회,,회
9442.0,인생건어물(석사점),칠리새우,"12,900                            ",중식
9442.0,인생건어물(석사점),크림새우,"12,900                            ",분식
9442.0,인생건어물(석사점),매콤감바스,"14,900                            ",회
9454.0,미화네떡볶이,,,
9455.0,화천집,두부북어찜 (대),"26,000                            ",찜/탕/찌개
9455.0,화천집,두부북어찜 (중),"19,000                            ",양식
9455.0,화천집,콩국수,"7,000                            ",국수
9456.0,양지식당,돼지갈비,"12,000                            ",고기/구이
9456.0,양지식당,생삼겹살,"12,000                            ",양식
9456.0,양지식당,고추장삼겹살,"12,000                            ",양식
9463.0,솔막국수,,,
9469.0,모녀밥상,떡만두라면,"6,000                            ",양식
9469.0,모녀밥상,제육쌈밥,"8,000                            ",고기/구이
9469.0,모녀밥상,동태찌개,"7,000                            ",찜/탕/찌개
9470.0,원나잇앤갓츠킹춘천효자점,,,
9476.0,청진동양평해장국한우국밥,,,
9480.0,술또,,,
9502.0,"우기다, 방",에스프레소,"3,000                            ",양식
9502.0,"우기다, 방",아메리카노,"3,500                            ",양식
9502.0,"우기다, 방",카페라떼,"4,000                            ",백반
9513.0,역전할머니맥주춘천애막골점,버터구이 오징어입,,고기/구이
9513.0,역전할머니맥주춘천애막골점,한치,,중식
9513.0,역전할머니맥주춘천애막골점,먹태,,양식
9516.0,대전흑염소국밥,전골(1인분),"17,000                            ",고기/구이
9516.0,대전흑염소국밥,삼계탕,"13,000                            ",중식
9516.0,대전흑염소국밥,등갈비묵은지김치찜,변동가격                            ,고기/구이
9519.0,고봉민김밥인춘천석사점,고구마치즈돈까스,,돈까스
9519.0,고봉민김밥인춘천석사점,고봉민김밥,,양식
9519.0,고봉민김밥인춘천석사점,고봉민돈까스,,분식
9520.0,빈체로(Vincero),마레 에 몬띠,"12,800                            ",회
9520.0,빈체로(Vincero),알마이스,"10,800                            ",양식
9520.0,빈체로(Vincero),고르곤졸라,"12,500                            ",양식
9526.0,가정식당,,,
9528.0,밸브,싱글 오리진 드립 커피 (스페셜티),"5,000                            ",양식
9528.0,밸브,스페셜티 원두 100g,"8,000                            ",백반
9528.0,밸브,뉴욕 치즈 케익,"4,000                            ",양식
9529.0,이디야춘천애막골점,콜드브루 니트로,,회
9529.0,이디야춘천애막골점,민트모카,,백반
9529.0,이디야춘천애막골점,바닐라 라떼,,백반
9531.0,자담치킨애막골점,티키타코순살치킨,,치킨
9531.0,자담치킨애막골점,소보로치킨,,치킨
9531.0,자담치킨애막골점,불패순살치킨,,치킨
9532.0,치치,바지락얼큰우동,"7,500                            ",중식
9532.0,치치,찹쌀탕수육,"7,000                            ",국밥
9532.0,치치,피쉬앤칩스,"6,000                            ",치킨
9536.0,마타네식당,규동,,양식
9536.0,마타네식당,우동,,국수
9536.0,마타네식당,치킨가라아게,,치킨
9540.0,찍찍이네,,,
9542.0,명랑시대쌀핫도그강원대점,명랑이네 감자 핫도그,,양식
9542.0,명랑시대쌀핫도그강원대점,명랑이네 점보 핫도그,,고기/구이
9542.0,명랑시대쌀핫도그강원대점,명랑이네 반반모짜 핫도그,,양식
9543.0,봄내골프클럽,,,
9546.0,가마솥통닭,노가리,"10,000                            ",고기/구이
9546.0,가마솥통닭,한치,"10,000                            ",중식
9546.0,가마솥통닭,오징어,"10,000                            ",고기/구이
9549.0,허수아비,,,
9558.0,진능이한방오리,,,
9560.0,유키바,,,
9567.0,나눔화로숯불구이,갈매기살,,고기/구이
9567.0,나눔화로숯불구이,가브리살,,회
9567.0,나눔화로숯불구이,삼겹살,,고기/구이
9568.0,서해안생찜,조개찜(2인),"39,000                            ",찜/탕/찌개
9568.0,서해안생찜,돌문어숙회(500g),"38,000                            ",회
9568.0,서해안생찜,새우소금구이,"29,000                            ",고기/구이
9570.0,월담,순두부찌개,,찜/탕/찌개
9570.0,월담,김치전,,양식
9570.0,월담,어묵전골,,양식
9576.0,수내닭꼬치,떡 닭꼬치,"2,500                            ",치킨
9576.0,수내닭꼬치,파 닭꼬치,"2,500                            ",치킨
9576.0,수내닭꼬치,베이컨말이꼬치,"2,500                            ",분식
9581.0,미가쭈꾸미,,,
9583.0,스푼,(평일)소고기샤브샤브 런치SET (1인분),"8,000                            ",고기/구이
9583.0,스푼,(평일)소고기샤브샤브 런치무한리필 (1인분),"15,000                            ",고기/구이
9583.0,스푼,(디너)소고기 샤브샤브 (1인분),"11,000                            ",고기/구이
9585.0,왕가마솥뚜껑,냉면,,국수
9585.0,왕가마솥뚜껑,목살,,양식
9585.0,왕가마솥뚜껑,왕가마모듬구이,,양식
9586.0,굽네치킨 춘천효자점,오리지널+바질토마토피자(8인치),"25,000                            ",피자
9586.0,굽네치킨 춘천효자점,스윗콘치즈피자(8인치)+볼케이노,"27,000                            ",양식
9586.0,굽네치킨 춘천효자점,고추바사삭+바질토마토피자(8인치)+볼로네제,"33,500                            ",피자
9591.0,신남큰집궁중삼계탕,궁중삼계탕,"16,000                            ",찜/탕/찌개
9591.0,신남큰집궁중삼계탕,누룽지삼계탕,"17,000                            ",백반
9591.0,신남큰집궁중삼계탕,닭매운탕,"50,000                            ",치킨
9593.0,서상,,,
9598.0,쿠바,,,
9602.0,풍류,,,
9603.0,온돌집,시래기갈비찜 (2인),"42,000                            ",고기/구이
9603.0,온돌집,시래기갈비찜 (3인),"60,000                            ",고기/구이
9603.0,온돌집,시래기갈비찜 (4인),"78,000                            ",고기/구이
9613.0,비노,해산물 리조또,"15,000                            ",양식
9613.0,비노,라자냐(예약 권장),"18,000                            ",고기/구이
9613.0,비노,마르게리따 피자,"16,000                            ",피자
9615.0,석사CGV점 치킨매니아,마일드후라이드,,치킨
9615.0,석사CGV점 치킨매니아,새우치킨,,치킨
9615.0,석사CGV점 치킨매니아,양념치킨,,치킨
9629.0,고우국밥,특순대국,,국밥
9629.0,고우국밥,순댓국,,국수
9629.0,고우국밥,술국,,양식
9645.0,봄내활어,,,
9646.0,황토주막,후라이드치킨,"12,000                            ",치킨
9646.0,황토주막,핫양념치킨,"13,000                            ",치킨
9646.0,황토주막,양념치킨,"13,000                            ",치킨
9647.0,메가엠지씨커피춘천봄내초점,아메리카노,,양식
9647.0,메가엠지씨커피춘천봄내초점,카푸치노,,피자
9647.0,메가엠지씨커피춘천봄내초점,꿀아메리카노,,양식
9648.0,봄내치킨앤떡볶이,,,
9651.0,스시원춘천석사점,모듬사시미 (15PCS),"22,000                            ",회
9651.0,스시원춘천석사점,연어사시미 (5PCS),"8,000                            ",고기/구이
9651.0,스시원춘천석사점,참치 사시미 (5PCS),"8,000                            ",회
9656.0,만나돈가스,생선까스,,분식
9656.0,만나돈가스,치킨까스,,치킨
9656.0,만나돈가스,왕돈까스,,돈까스
9658.0,오필승닭발애막골점,,,
9666.0,아지트(AZIT),아메리카노,"3,500                            ",양식
9666.0,아지트(AZIT),카페라떼,"4,000                            ",백반
9666.0,아지트(AZIT),카페모카,"4,500                            ",분식
9670.0,신전떡볶이퇴계석사점,떡볶이,,분식
9670.0,신전떡볶이퇴계석사점,치즈떡볶이,,양식
9670.0,신전떡볶이퇴계석사점,튀김오뎅,,분식
9673.0,정통매운갈비찜,,,
9676.0,쟈티,,,
9680.0,참숯대구막창,,,
9681.0,궁채석갈비춘천점,석갈비,,양식
9681.0,궁채석갈비춘천점,갈비냉면,,고기/구이
9681.0,궁채석갈비춘천점,갈비탕,,고기/구이
9682.0,석사치킨엔호프,후라이드,"12,000                            ",치킨
9682.0,석사치킨엔호프,양념치킨,"13,500                            ",치킨
9682.0,석사치킨엔호프,마늘간장치킨,"13,500                            ",치킨
9691.0,신촌돈까스,돈까스,"4,000                            ",국수
9691.0,신촌돈까스,제육덮밥,"4,000                            ",국밥
9691.0,신촌돈까스,김치볶음밥,"4,000                            ",양식
9692.0,효자소머리해장국,,,
9695.0,돌돌생삼겹살,생삼겹살(200g),"7,000                            ",고기/구이
9695.0,돌돌생삼겹살,제육볶음(점심특선),"5,000                            ",고기/구이
9695.0,돌돌생삼겹살,생삼겹살 국내산(200g),"11,000                            ",고기/구이
9696.0,왕짱구,왕짱구김밥 (8개),"3,000                            ",양식
9696.0,왕짱구,고기만두 (10개),"3,000                            ",고기/구이
9696.0,왕짱구,고기왕만두 (8개),"3,000                            ",고기/구이
9700.0,마루,한우불고기정식 (1인분),"13,000                            ",고기/구이
9700.0,마루,된장정식,"9,000                            ",양식
9700.0,마루,청국장,"9,000                            ",백반
9703.0,찜이랑탕이랑,,,
9706.0,정원,에스프레소,"4,000                            ",양식
9706.0,정원,아메리카노,"4,000                            ",양식
9706.0,정원,카페라떼,"4,500                            ",백반
9727.0,밀보리식당,,,
9728.0,가리미김밥봄내점,,,
9730.0,중화요리죽향,자장면,"6,000                            ",중식
9730.0,중화요리죽향,짬뽕,"7,000                            ",중식
9730.0,중화요리죽향,볶음밥,"7,000                            ",양식
9731.0,맘스터치춘천석사CGV점,딥치즈버거,,버거
9731.0,맘스터치춘천석사CGV점,싸이버거,,회
9731.0,맘스터치춘천석사CGV점,디럭스불고기버거,,고기/구이
9732.0,우리해장국,선지해장국,,국밥
9732.0,우리해장국,양지해장국,,국수
9732.0,우리해장국,해장국,,국밥
9740.0,우마이,,,
9741.0,서래맥주집,매운 갈매기살 튀김,"14,000                            ",고기/구이
9741.0,서래맥주집,매운 갈매기살 튀김 샐러드,"15,000                            ",고기/구이
9741.0,서래맥주집,우삼겹 숙주 볶음,"15,000                            ",고기/구이
9744.0,태양부양꼬치,양꼬치 (10꼬치),"12,000                            ",분식
9744.0,태양부양꼬치,양갈비살 (10꼬치),"14,000                            ",고기/구이
9744.0,태양부양꼬치,양등갈비 (300g),"18,000                            ",고기/구이
9745.0,차이나게이트,,,
9770.0,모리,,,
9772.0,하하산꼼장어,산꼼장어,"16,000                            ",백반
9772.0,하하산꼼장어,양념꼼장어,"17,000                            ",고기/구이
9772.0,하하산꼼장어,양념소갈비살,"15,000                            ",고기/구이
9779.0,본래순대춘천애막골점,본래순대국,"8,000                            ",분식
9779.0,본래순대춘천애막골점,얼큰순대국,"8,500                            ",국밥
9779.0,본래순대춘천애막골점,더진한순대국,"8,500                            ",분식
9789.0,이삭토스트강원대점,햄치즈 토스트,,양식
9789.0,이삭토스트강원대점,아이스티,,회
9789.0,이삭토스트강원대점,녹차,,백반
9790.0,지정환임실치즈피자,나홀로박스 R,"23,000                            ",양식
9790.0,지정환임실치즈피자,모자이크피자 L,"31,000                            ",피자
9790.0,지정환임실치즈피자,할루미피자 L,"32,000                            ",양식
9793.0,김밥나라,김밥,"2,000                            ",양식
9793.0,김밥나라,라면,"3,000                            ",국수
9793.0,김밥나라,쫄면,"5,000                            ",국수
9796.0,어서오소,무한리필,"13,500                            ",회
9796.0,어서오소,생삼겹살(200g),"8,000                            ",고기/구이
9796.0,어서오소,항정살(200g),"8,000                            ",찜/탕/찌개
9802.0,짝패,,,
9809.0,쭌이네생모듬구이,뒷고기모듬 (소) (550g),"36,000                            ",고기/구이
9809.0,쭌이네생모듬구이,갈매기살 (200g),"15,000                            ",고기/구이
9809.0,쭌이네생모듬구이,돼지갈비 (300g),"15,000                            ",고기/구이
9813.0,더술(The Sul),,,
9817.0,쪼끼쪼끼(석사3호점),양념후라이드치킨,,치킨
9817.0,쪼끼쪼끼(석사3호점),사이후라이드치킨,,치킨
9817.0,쪼끼쪼끼(석사3호점),골뱅이&사이후라이드치킨,,고기/구이
9831.0,치치,바지락얼큰우동,"7,500                            ",중식
9831.0,치치,찹쌀탕수육,"7,000                            ",국밥
9831.0,치치,피쉬앤칩스,"6,000                            ",치킨
9838.0,네네치킨효자점,레드마블치킨,"20,000                            ",치킨
9838.0,네네치킨효자점,코찡마요치킨,"20,000                            ",치킨
9838.0,네네치킨효자점,청양마요치킨,"20,000                            ",치킨
9839.0,우물막국수,닭갈비 (1인분),"10,000                            ",고기/구이
9839.0,우물막국수,막국수,"6,000                            ",국수
9839.0,우물막국수,막국수곱배기,"7,000                            ",국수
9849.0,아리랑떡볶이,즉석떡볶이 (2인분),"10,000                            ",분식
9849.0,아리랑떡볶이,즉석떡볶이 (3인분),"15,000                            ",분식
9849.0,아리랑떡볶이,즉석떡볶이 (4인분),"20,000                            ",분식
9851.0,다릿골소나무,삼겹살 (200g),"15,000                            ",고기/구이
9851.0,다릿골소나무,목살 (100g),"15,000                            ",고기/구이
9851.0,다릿골소나무,가브리살 (200g),"15,000                            ",고기/구이
9864.0,학곡리막국수닭갈비,뼈없는 닭갈비 (1인분),"15,000                            ",고기/구이
9864.0,학곡리막국수닭갈비,닭내장 (1인분),"15,000                            ",치킨
9864.0,학곡리막국수닭갈비,막국수,"9,000                            ",국수
9865.0,조부자순대국(강대점),순대국밥,"7,000                            ",국밥
9865.0,조부자순대국(강대점),우거지순대국,"8,000                            ",국밥
9865.0,조부자순대국(강대점),순대 (특) 국밥,"9,000                            ",국밥
9869.0,효자동설렁탕효자점,효자동설렁탕,"10,000                            ",양식
9869.0,효자동설렁탕효자점,효자동설렁탕 (특),"13,000                            ",국밥
9869.0,효자동설렁탕효자점,얼큰설렁탕,"11,000                            ",국밥
9874.0,홍가스무숲점,녹두김치전,,백반
9874.0,홍가스무숲점,모둠전,,회
9874.0,홍가스무숲점,홍합죽,,양식
9876.0,투다리(뜨란채점),우동,,국수
9876.0,투다리(뜨란채점),태양초치즈닭갈비,,고기/구이
9876.0,투다리(뜨란채점),모래집볶음,,양식
9877.0,춘천명품닭갈비,,,
9879.0,루앤루,짜장면,"4,800                            ",중식
9879.0,루앤루,짬뽕,"5,800                            ",중식
9879.0,루앤루,간짜장,"5,800                            ",중식
9883.0,쿄시로,,,
9886.0,특별미기사식당,백반,"7,000                            ",백반
9886.0,특별미기사식당,뽀글장,"7,000                            ",양식
9886.0,특별미기사식당,비빔밥,"7,000                            ",양식
9893.0,우리동네국수집,김치전,,양식
9893.0,우리동네국수집,장칼국수,,국수
9893.0,우리동네국수집,들깨칼국수,,국수
9897.0,미소네,,,
9899.0,신낙지마루,오징어볶음 (1인),"8,000                            ",고기/구이
9899.0,신낙지마루,쭈꾸미볶음 (1인),"8,000                            ",고기/구이
9899.0,신낙지마루,낙지볶음 (1인),"9,000                            ",고기/구이
9900.0,치킨형님,,,
9901.0,오징어천국,산오징어회,"15,000                            ",회
9901.0,오징어천국,광어세꼬시,"15,000                            ",회
9901.0,오징어천국,알탕,"18,000                            ",회
9905.0,흥부전,동태찌개,,찜/탕/찌개
9905.0,흥부전,해물파전,,양식
9905.0,흥부전,부추전,,양식
9918.0,나그랑,도리탕,,회
9918.0,나그랑,감자탕,,찜/탕/찌개
9918.0,나그랑,통닭,,치킨
9922.0,쏠라시,,,
9926.0,도토리네집,도토리임자탕,"7,000                            ",국밥
9926.0,도토리네집,도토리전,"5,000                            ",회
9926.0,도토리네집,동그랑땡,"7,000                            ",고기/구이
9927.0,양평신내서울해장국,본 해장국,"9,000                            ",국밥
9927.0,양평신내서울해장국,본 해장국(특),"10,000                            ",국밥
9927.0,양평신내서울해장국,선지해장국,"9,000                            ",국밥
9930.0,문어랑,문어 삼합(중),"35,000                            ",중식
9930.0,문어랑,문어 파전,"18,000                            ",양식
9930.0,문어랑,생연어회(중),"20,000                            ",회
9931.0,해송,쭈꾸미볶음,"8,000                            ",고기/구이
9931.0,해송,전복영양돌솥밥,"9,000                            ",양식
9931.0,해송,연포탕+쭈꾸미볶음,"47,000                            ",고기/구이
9933.0,슈퍼스타,,,
9949.0,서울감자탕,감자탕 (소),"27,000                            ",중식
9949.0,서울감자탕,감자탕 (중),"33,000                            ",중식
9949.0,서울감자탕,감자탕 (대),"38,000                            ",회
9954.0,마당,암퇘기 삼겹살 (200g),"11,000                            ",고기/구이
9954.0,마당,암퇘지 목살 (200g),"11,000                            ",고기/구이
9954.0,마당,꽃살 (150g),"18,000                            ",고기/구이
9956.0,우정죽강대병원점,,,
9958.0,감식당,다슬기능이오리백숙,"60,000                            ",회
9958.0,감식당,다슬해장국,"8,000                            ",국밥
9958.0,감식당,김치찌개,"7,000                            ",찜/탕/찌개
9960.0,촌닭두마리,옛날통닭 (한마리),"8,500                            ",치킨
9960.0,촌닭두마리,누드옛날통닭 (한마리),"8,500                            ",치킨
9960.0,촌닭두마리,옛날양념통닭 (한마리),"10,500                            ",치킨
9963.0,화로불,생삼겹살(200g),"13,000                            ",고기/구이
9963.0,화로불,돼지갈비(300g),"12,000                            ",고기/구이
9963.0,화로불,돼지목살(200g),"12,000                            ",고기/구이
9966.0,자미왕갈비해장국,섞어탕(특),"9,000                            ",국밥
9966.0,자미왕갈비해장국,섞어탕(보),"8,000                            ",회
9966.0,자미왕갈비해장국,우거지갈비해장국(특),"11,000                            ",국밥
9972.0,그레이존,,,
9973.0,소주신랑보쌈부인,점심특선(9시~17시),"7,000                            ",중식
9973.0,소주신랑보쌈부인,Dinner(소),"14,000                            ",죽
9973.0,소주신랑보쌈부인,Dinner(중),"21,000                            ",죽
9976.0,7.5닭갈비,무뼈 닭갈비,"12,000                            ",고기/구이
9976.0,7.5닭갈비,닭내장,"12,000                            ",치킨
9976.0,7.5닭갈비,막국수,"6,000                            ",국수
9980.0,든든,샐러드,,양식
9980.0,든든,샌드위치,,양식
9980.0,든든,핫도그,,고기/구이
9982.0,교촌치킨(효자점),교촌오리지날,"19,000                            ",치킨
9982.0,교촌치킨(효자점),교촌콤보,"22,000                            ",분식
9982.0,교촌치킨(효자점),교촌윙,"22,000                            ",치킨
9983.0,스무숲동해곰치,곰치탕,"15,000                            ",백반
9983.0,스무숲동해곰치,알내장탕,"9,000                            ",분식
9983.0,스무숲동해곰치,장치찜(중),"38,000                            ",양식
9990.0,부산산꼼장어,꼼장어 구이(170g),"9,000                            ",고기/구이
9990.0,부산산꼼장어,소곱창(200g),"14,900                            ",고기/구이
9990.0,부산산꼼장어,돼지막창(150g),"9,000                            ",고기/구이
9992.0,경양미가,,,
9997.0,우리순대국,내장탕,"10,000                            ",고기/구이
9997.0,우리순대국,순대국,"6,000                            ",국밥
9997.0,우리순대국,순대국 (특),"7,000                            ",국밥
10000.0,청년다방춘천CGV점,통큰오짱 떡볶이,,분식
10000.0,청년다방춘천CGV점,차돌 떡볶이,,고기/구이
10000.0,청년다방춘천CGV점,불향가득차돌덮밥,,국밥
10001.0,삼시세끼,부대찌개,"8,000                            ",국밥
10001.0,삼시세끼,우렁이제육쌈밥,"8,000                            ",고기/구이
10001.0,삼시세끼,불고기(300g),"12,000                            ",고기/구이
10011.0,더벤티강원대점,흑설탕 버블티,,백반
10011.0,더벤티강원대점,아메리카노,,양식
10011.0,더벤티강원대점,카페라떼,,백반
10014.0,효자동솥뚜껑애막골점,삼겹살추가,,고기/구이
10014.0,효자동솥뚜껑애막골점,목살추가,,고기/구이
10014.0,효자동솥뚜껑애막골점,흑돼지삼겹살,,고기/구이
10021.0,대판,소 무한리필(대인),"18,500                            ",고기/구이
10021.0,대판,돼지 무한리필(대인),"11,000                            ",고기/구이
10021.0,대판,등심(1인분),"12,000                            ",고기/구이
10024.0,퍼플,,,
10025.0,처음처럼,,,
10041.0,춘천집,회냉면,"1,000                            ",양식
10041.0,춘천집,비빔냉면,"9,000                            ",양식
10041.0,춘천집,물냉면,"9,000                            ",양식
10051.0,소셜하우스,배추 샐러드,"9,000                            ",양식
10051.0,소셜하우스,시저 샐러드,"12,500                            ",양식
10051.0,소셜하우스,에그 인 헬,"15,000                            ",양식
10054.0,전상철갈비탕집,갈비탕,"15,000                            ",고기/구이
10054.0,전상철갈비탕집,갈비전골,"17,000                            ",양식
10054.0,전상철갈비탕집,얼큰갈비탕,"15,000                            ",찜/탕/찌개
10061.0,감자골옹심이,감자옹심이,"9,000                            ",양식
10061.0,감자골옹심이,옹심이메밀칼국수,"8,000                            ",국수
10061.0,감자골옹심이,메밀국수,"7,000                            ",국수
10062.0,네버네버,산더미육회,"16,000                            ",분식
10062.0,네버네버,베이컨+모듬소시지,"15,000                            ",고기/구이
10062.0,네버네버,바싹모듬전,"13,000                            ",양식
10088.0,주문진게먹고회먹고,모듬회 (소),"80,000                            ",고기/구이
10088.0,주문진게먹고회먹고,주문진 붉은대게 2마리,"60,000                            ",찜/탕/찌개
10088.0,주문진게먹고회먹고,주문진 대게,변동가격                            ,회
10092.0,즐거운하루숯불생고기,토종닭백숙,"55,000                            ",치킨
10092.0,즐거운하루숯불생고기,육개장,"9,000                            ",고기/구이
10092.0,즐거운하루숯불생고기,갈비돈까스,"9,000                            ",돈까스
10093.0,처갓집양념치킨강대점,슈프림양념치킨,"21,000                            ",양식
10093.0,처갓집양념치킨강대점,치즈슈프림 양념치킨,"21,000                            ",치킨
10093.0,처갓집양념치킨강대점,허니올리고당야채양념치킨,"19,000                            ",양식
10094.0,청춘보쌈,청춘보쌈 (S),"4,900                            ",양식
10094.0,청춘보쌈,마늘보쌈 (S),"5,400                            ",고기/구이
10094.0,청춘보쌈,핫칠리보쌈 (S),"5,400                            ",분식
10102.0,엠브로키친 석사점,,,
10109.0,도우도우,치즈피자(2~3인),"15,900                            ",피자
10109.0,도우도우,페퍼로니피자(2~3인),"16,900                            ",피자
10109.0,도우도우,하와이안피자(2~3인),"17,900                            ",피자
10119.0,메가엠지씨커피춘천애막골점,아메리카노,,양식
10119.0,메가엠지씨커피춘천애막골점,카푸치노,,피자
10119.0,메가엠지씨커피춘천애막골점,꿀아메리카노,,양식
10120.0,고기극찬춘천점,찬과고기선물박스,,중식
10120.0,고기극찬춘천점,오롯이고기만,,양식
10120.0,고기극찬춘천점,고기만,,회
10121.0,피알(P.R),,,
10123.0,싸다아구찜앤탕,,,
10131.0,낭만의거리,,,
10132.0,화정,등심(150g),"25,000                            ",고기/구이
10132.0,화정,갈빗살(150g),"25,000                            ",고기/구이
10132.0,화정,제비추리(150g),"30,000                            ",고기/구이
10137.0,부산아지매국밥 춘천석사점,아지매국밥,"9,000                            ",국밥
10137.0,부산아지매국밥 춘천석사점,전통순대국밥,"9,000                            ",국밥
10137.0,부산아지매국밥 춘천석사점,순대국밥,"9,000                            ",국밥
10142.0,하루카와,,,
10149.0,리프(leaf),드립커피,,백반
10149.0,리프(leaf),핸드드립커피,,양식
10149.0,리프(leaf),디카페인드립커피,,양식
10150.0,카페솔(Cafe Sol),카페라떼,"3,400                            ",백반
10150.0,카페솔(Cafe Sol),카페모카,"4,500                            ",분식
10150.0,카페솔(Cafe Sol),카라멜 마끼아또,"4,500                            ",돈까스
10152.0,바우하우스(Bauhaus),,,
10154.0,옥이네콩탕,,,
10164.0,옐로우피자춘천점,치즈크러스트,,양식
10164.0,옐로우피자춘천점,크림치즈크러스트,,양식
10164.0,옐로우피자춘천점,베이컨,,양식
10195.0,샐러디춘천퇴계점,칠리베이컨 웜볼,,치킨
10195.0,샐러디춘천퇴계점,시저치킨 샐러디,,치킨
10195.0,샐러디춘천퇴계점,콥 샐러디,,양식
10197.0,주상옥,프렌치랙,"25,000                            ",회
10197.0,주상옥,숄더랙,"20,000                            ",양식
10197.0,주상옥,양등심,"18,000                            ",치킨
10199.0,우리동네전포차,닭볶음탕,"25,000                            ",치킨
10199.0,우리동네전포차,동태찌개,"15,000                            ",찜/탕/찌개
10199.0,우리동네전포차,낙지볶음,"15,000                            ",양식
10200.0,청춘관,청춘간장 (300g),"15,000                            ",양식
10200.0,청춘관,청춘양념 (200g),"14,000                            ",양식
10200.0,청춘관,김치삼겹말이찜,"16,000                            ",고기/구이
10201.0,까투리애막골점,,,
10206.0,노랑통닭석사점,엄청 큰 후라이드 치킨(오리지널),"18,000                            ",치킨
10206.0,노랑통닭석사점,엄청 큰 양념치킨(오리지널),"20,000                            ",치킨
10206.0,노랑통닭석사점,엄청 큰 깐풍치킨(오리지널),"20,000                            ",치킨
10207.0,배꼽시계,,,
10208.0,일품두부자박이,백숙,,백반
10208.0,일품두부자박이,열무국수,,국수
10208.0,일품두부자박이,두부구이,,양식
10212.0,태화루,짜장면,"4,000                            ",중식
10212.0,태화루,짬뽕,"6,000                            ",중식
10212.0,태화루,간짜장,"6,000                            ",중식
10213.0,오더히어버거,오리지날치즈버거,"7,500                            ",버거
10213.0,오더히어버거,베이컨치즈버거,"8,500                            ",버거
10213.0,오더히어버거,더블치즈버거,"10,500                            ",버거
10218.0,효자골,생고기김치찌개,,고기/구이
10218.0,효자골,된장찌개,,양식
10218.0,효자골,생삼겹살,,양식
10219.0,자매칼국수,칼국수,"8,000                            ",국수
10219.0,자매칼국수,들깨옹심이칼국수,"9,000                            ",국수
10219.0,자매칼국수,보쌈 (소),"30,000                            ",고기/구이
10224.0,버튼홀덤,,,
10230.0,이현푸드,,,
10231.0,시골한식뷔페,,,
10232.0,인생물음표,,,
10234.0,밥풀릭스춘천점,,,
10236.0,타코페퍼,타코,,고기/구이
10236.0,타코페퍼,퀘사디아,,회
10236.0,타코페퍼,감자튀김,,분식
10241.0,멘시루,돈코츠라멘,"7,500                            ",돈까스
10241.0,멘시루,탄탄카라미소라멘,"7,500                            ",양식
10241.0,멘시루,가츠동,"7,500                            ",회
10243.0,가미푸드,,,
10244.0,미소만족,족발,,고기/구이
10244.0,미소만족,숯불족발,,백반
10244.0,미소만족,마늘족발,,양식
10245.0,기대만족 춘천점,족쌈 냉면,,국수
10245.0,기대만족 춘천점,로제 족발 + 쟁반국수,,족발/보쌈
10245.0,기대만족 춘천점,2가지맛 반반족발 + 쟁반국수,,족발/보쌈
10247.0,LINE(라인),,,
10252.0,춘천제일닭갈비,닭갈비,"13,000                            ",치킨
10252.0,춘천제일닭갈비,닭내장,"13,000                            ",치킨
10252.0,춘천제일닭갈비,막국수,"8,000                            ",국수
10254.0,하노이별퇴계점,소고기쌀국수,"7,500                            ",국수
10254.0,하노이별퇴계점,닭고기쌀국수,"8,000                            ",국수
10254.0,하노이별퇴계점,해물쌀국수,"8,500                            ",국수
10257.0,라무진춘천석사점,징기스칸 양갈비 (230~250g),"28,000                            ",고기/구이
10257.0,라무진춘천석사점,징기스칸 프렌치랙 (180~200g),"28,000                            ",아시안
10257.0,라무진춘천석사점,징기스칸 양고기 (200g),"26,000                            ",고기/구이
10259.0,이모네한식,,,
10272.0,더담다,한우육회+초밥8P,"30,000                            ",고기/구이
10272.0,더담다,순살치즈찜닭,"27,000                            ",치킨
10272.0,더담다,보쌈한상(김치말이),"30,000                            ",백반
10277.0,인생건어물맥주강대점,칠리새우,"12,900                            ",중식
10277.0,인생건어물맥주강대점,크림새우,"12,900                            ",분식
10277.0,인생건어물맥주강대점,매콤감바스,"14,900                            ",회
10279.0,본가춘천스무숲점,갈비살,,고기/구이
10279.0,본가춘천스무숲점,꽃살,,고기/구이
10279.0,본가춘천스무숲점,돼지삼겹,,양식
10280.0,쌩김치찜,볶음밥,"3,000                            ",양식
10280.0,쌩김치찜,비빔면,"3,500                            ",양식
10280.0,쌩김치찜,짜파게티,"3,500                            ",국수
10283.0,이자카야천,안주,,양식
10283.0,이자카야천,소고기타다끼,,백반
10283.0,이자카야천,타코와사비,,분식
10285.0,피자피크춘천점,풀소유 (L),"25,500                            ",양식
10285.0,피자피크춘천점,진짜 새우를 잡수새우 (L),"28,000                            ",찜/탕/찌개
10285.0,피자피크춘천점,치즈 폭포수 (L),"19,000                            ",양식
10286.0,외곽,튀김우동,,중식
10286.0,외곽,새우튀김우동,,중식
10286.0,외곽,우동사리추가,,국수
10292.0,참참치킨호프춘천본점,후라이드,"12,000                            ",치킨
10292.0,참참치킨호프춘천본점,양념치킨,"13,500                            ",치킨
10292.0,참참치킨호프춘천본점,마늘간장치킨,"13,500                            ",치킨
10294.0,마라킹,마라탕,,중식
10294.0,마라킹,마라샹궈,,중식
10294.0,마라킹,볶음밥기본,,양식
10305.0,라사천,,,
10307.0,참한고깃집,,,
10322.0,프랭크버거춘천석사점,쉬림프 버거,"4,700                            ",버거
10322.0,프랭크버거춘천석사점,머쉬룸 버거,"8,300                            ",버거
10322.0,프랭크버거춘천석사점,JG버거,"9,300                            ",버거
10328.0,천사곱창석사점,모듬(220g),"15,900                            ",회
10328.0,천사곱창석사점,소곱창(200g),"14,900                            ",고기/구이
10328.0,천사곱창석사점,우삼겹(200g),"9,000                            ",고기/구이
10329.0,쉼표,,,
10332.0,서가네,양념,"9,000                            ",양식
10332.0,서가네,국물,"10,000                            ",양식
10332.0,서가네,찜닭(2인),"14,000                            ",고기/구이
10333.0,프리에어스페이스(Free Air Space),FAS 커피,"5,500                            ",회
10333.0,프리에어스페이스(Free Air Space),크림블라떼,"5,500                            ",백반
10333.0,프리에어스페이스(Free Air Space),아메리카노,"4,000                            ",양식
10340.0,화구박스,,,
10341.0,두리기갈매기살,,,
10342.0,행복한반찬,,,
10344.0,추억의7090,,,
10345.0,제주안방갈비석사점,,,
10346.0,먹새통,김치전,,양식
10346.0,먹새통,두부전,,양식
10346.0,먹새통,감자채전,,양식
10351.0,플랍라운지펍,,,
10352.0,화양연화커피,에스프레소,"3,500                            ",양식
10352.0,화양연화커피,아메리카노,"3,500                            ",양식
10352.0,화양연화커피,카페라떼,"4,000                            ",백반
10357.0,최고집순대국왕감자탕,순대국밥,,국밥
10357.0,최고집순대국왕감자탕,매운순대국,,국밥
10357.0,최고집순대국왕감자탕,순댓국,,국수
10363.0,수참치,참치 실장스페셜(1인),"80,000                            ",회
10363.0,수참치,참치 진 스페셜(1인),"55,000                            ",회
10363.0,수참치,참치 선 스페셜(1인),"38,000                            ",회
10364.0,굽찌,,,
10366.0,행복한마라탕,,,
10367.0,치즈랑피자,,,
10368.0,카페너니,솔티캐러멜크림라떼,"6,500                            ",고기/구이
10368.0,카페너니,카페라떼,"4,500                            ",백반
10368.0,카페너니,아인슈페너,"6,000                            ",양식
10369.0,낙원갈비집춘천점,소갈비살스페셜(780g)(2~4인),"91,000                            ",고기/구이
10369.0,낙원갈비집춘천점,(소)본갈비스페셜(7840g)(2~4인),"91,000                            ",고기/구이
10369.0,낙원갈비집춘천점,눈꽃세트(760g)(2~3인),"59,900                            ",양식
10379.0,시키묵자,,,
10382.0,회사랑,참돔회,,회
10382.0,회사랑,대방어회,,회
10382.0,회사랑,도다리세꼬시인,,분식
10387.0,술짠,,,
10393.0,펍큐(PUB Q),,,
10396.0,청춘포차,,,
10405.0,동내 낙곱새,,,
10406.0,챙길밥 치교치킨앤치킨,,,
10408.0,엄마집밥,,,
10410.0,질풍노도포차강원대점,,,
10411.0,레드브릭,마들렌,"2,500                            ",양식
10411.0,레드브릭,치즈무스케이크,"6,000                            ",양식
10411.0,레드브릭,스콘,"3,000                            ",양식
10413.0,진리국밥 춘천점,,,
10417.0,보울레시피 춘천점,나만의 레시피,"11,900                            ",양식
10417.0,보울레시피 춘천점,와이키키 브라운 포케,"13,900                            ",회
10417.0,보울레시피 춘천점,오리지널 하와이 포케,"13,900                            ",회
10420.0,비비큐춘천효자점,BBQ 양념치킨,"21,500                            ",고기/구이
10420.0,비비큐춘천효자점,황올 반+BBQ양념 반,"21,000                            ",회
10420.0,비비큐춘천효자점,바삭갈릭,"21,000                            ",중식
10427.0,영칼로리키친춘천점,,,
10430.0,파스타입니다춘천강대점,쓰촨 마라붐,,중식
10430.0,파스타입니다춘천강대점,청담동 트러플치킨,,백반
10430.0,파스타입니다춘천강대점,의성 양념치킨,,치킨
10431.0,피자플래넷,의좋은 4형제 피자(L),"25,900                            ",양식
10431.0,피자플래넷,폴소유 피자(L),"29,900                            ",피자
10431.0,피자플래넷,갈릭쉬림프피자(L),"24,900                            ",고기/구이
10434.0,바람,,,
10436.0,카페자작,,,
10438.0,태리로제춘천강원대점,,,
10439.0,꺄호(carreau),,,
10443.0,돈우정,무탁고기 한판 (900g),"80,000                            ",고기/구이
10443.0,돈우정,무탁고기 반판 (600g),"53,000                            ",고기/구이
10443.0,돈우정,한우 차돌박이 (150g),"23,000                            ",고기/구이
10446.0,바로덮밥바로파스타,,,
10452.0,광판팔뚝김밥교대점,,,
10458.0,킹(King),,,
10470.0,하루일식,점심 하루정식B코스,"25,000                            ",양식
10470.0,하루일식,저녁 하루정식A코스,"55,000                            ",양식
10470.0,하루일식,점심 하루정식A코스,"35,000                            ",양식
10473.0,샌드리아춘천애막골점,,,
10474.0,초마미엔,짜장면,"5,000                            ",중식
10474.0,초마미엔,짬뽕,"7,000                            ",중식
10474.0,초마미엔,해물짜장,"7,000                            ",양식
10481.0,르포렘,,,
10484.0,짝꿍,,,
10487.0,그리드,,,
10490.0,굿손춘천엔타점,분짜,"12,000                            ",분식
10490.0,굿손춘천엔타점,껌승,"13,000                            ",회
10490.0,굿손춘천엔타점,소고기 쌀국수,"12,000                            ",국수
10491.0,육회만드는사람들,,,
10496.0,시즌즈(SEASONS),아메리카노,,양식
10496.0,시즌즈(SEASONS),카페라떼,,백반
10496.0,시즌즈(SEASONS),바닐라라떼,,백반
10500.0,동근이숯불두마리치킨춘천점,숯불양념구이,,고기/구이
10500.0,동근이숯불두마리치킨춘천점,숯불소금구이,,고기/구이
10500.0,동근이숯불두마리치킨춘천점,숯불매화양념구이,,고기/구이
10517.0,바람골막국수,꿩 만두국,"7,000                            ",국수
10517.0,바람골막국수,칼제비,"7,000                            ",백반
10517.0,바람골막국수,동치미막국수,"7,000                            ",국수
10518.0,옹해야숯불닭발,,,
10519.0,잇빠이대박이네,군만두,,분식
10519.0,잇빠이대박이네,떡볶이,,분식
10519.0,잇빠이대박이네,매운떡볶이,,분식
10526.0,미소야춘천석사점,,,
10530.0,비온데이,,,
10531.0,쭈노치킨석사점,소금구이후라이드,"16,000                            ",치킨
10531.0,쭈노치킨석사점,핫후라이드,"17,000                            ",중식
10531.0,쭈노치킨석사점,매콤순살강정,"19,000                            ",고기/구이
10532.0,디올,,,
10533.0,동백,매화,"10,500                            ",회
10533.0,동백,진달래,"7,800                            ",회
10533.0,동백,개나리,"8,500                            ",회
10546.0,금돈,,,
10553.0,멕시카나 효자점,땡초치킨,"20,000                            ",치킨
10553.0,멕시카나 효자점,후라이드치킨,"18,000                            ",치킨
10553.0,멕시카나 효자점,반반치킨,"19,000                            ",백반
10554.0,소래해물찜,,,
10555.0,라라랜드,돈까스,"9,000                            ",국수
10555.0,라라랜드,생선까스,"10,000                            ",분식
10555.0,라라랜드,함박스테이크,"13,000                            ",고기/구이
10562.0,북한강쭈꾸미,북한강 정식(1인),"12,000                            ",양식
10562.0,북한강쭈꾸미,쭈꾸미볶음(1인분),"10,000                            ",고기/구이
10562.0,북한강쭈꾸미,쭈꾸미볶음(소),"16,000                            ",고기/구이
10593.0,코끼리김밥,,,
10600.0,달동네,김치전,,양식
10600.0,달동네,순두부찌개,,찜/탕/찌개
10600.0,달동네,부대볶음,,분식
10601.0,포세이돈,,,
10605.0,카페레드빈,에스프레소,,양식
10605.0,카페레드빈,아메리카노,,양식
10605.0,카페레드빈,카푸치노,,피자
10621.0,효자누룽지백숙,누룽지백숙 (토종닭),"50,000                            ",백반
10621.0,효자누룽지백숙,누룽지백숙 (오리),"55,000                            ",백반
10621.0,효자누룽지백숙,해물얼큰칼국수,"9,000                            ",국수
10630.0,데이시,,,
10637.0,돌담집,짜장,"5,000                            ",중식
10637.0,돌담집,잡채밥,"7,000                            ",중식
10637.0,돌담집,탕수육 (소),"15,000                            ",고기/구이
10642.0,호로롱김밥,매콤어묵김밥,,양식
10642.0,호로롱김밥,치즈김밥,,양식
10642.0,호로롱김밥,고기만두,,회
10643.0,원이네닭발,닭한마리,"30,000                            ",치킨
10643.0,원이네닭발,닭반마리,"23,000                            ",치킨
10643.0,원이네닭발,닭볶음탕,"35,000                            ",치킨
10645.0,명성푸드,,,
10648.0,은하수7080,,,
10652.0,나따오비까위드오므파탈,아메리카노(향긋한산미),"4,500                            ",버거
10652.0,나따오비까위드오므파탈,클래식 에그타르트,"3,100                            ",국수
10652.0,나따오비까위드오므파탈,아메리카노(다크초콜릿),"4,000                            ",양식
10672.0,큐스타앤펍,,,
10676.0,산천어춘천닭갈비,,,
10679.0,온반,,,
10681.0,광어야참치마,광어,,회
10681.0,광어야참치마,참치,,회
10681.0,광어야참치마,주도로,,회
10683.0,닭쳐,,,
10685.0,호주에서온스시,구운새우초밥 단품(4p),"4,700                            ",양식
10685.0,호주에서온스시,콤비네이션롤(9p),"10,900                            ",양식
10685.0,호주에서온스시,구운연어(4p) / 연어양파(4p)초밥 단품,"6,900                            ",고기/구이
10688.0,홍게대게직판장,,,
10691.0,카페 포 너드,아메리카노,"4,000                            ",양식
10691.0,카페 포 너드,시그니처 카페라떼,"5,200                            ",백반
10691.0,카페 포 너드,카푸치노,"5,500                            ",피자
10693.0,치킨엔,윙.봉 후라이드(1kg),"19,000                            ",고기/구이
10693.0,치킨엔,국물닭발 세트,"24,000                            ",치킨
10693.0,치킨엔,직화닭발 세트,"24,000                            ",치킨
10697.0,점프JUMP,,,
10701.0,하이홀덤 퇴계점,,,
10706.0,카페올리브,,,
10718.0,후라이드참잘하는집,후라이드치킨,,치킨
10718.0,후라이드참잘하는집,양념치킨,,치킨
10718.0,후라이드참잘하는집,간장치킨,,치킨
10720.0,케밥하우스,치킨 케밥,"5,500                            ",치킨
10720.0,케밥하우스,믹스 케밥,"7,500                            ",국밥
10720.0,케밥하우스,점보 케밥 치킨,"7,500                            ",치킨
10725.0,경성푸드빌,,,
10732.0,육칠이 춘천점,1인 삼겹/목살,,고기/구이
10732.0,육칠이 춘천점,LA소갈비,,고기/구이
10732.0,육칠이 춘천점,양념소갈비살,,고기/구이
10733.0,배달연구소,,,
10734.0,먹보정식,제육볶음,"10,000                            ",고기/구이
10734.0,먹보정식,오징어볶음,"10,000                            ",고기/구이
10734.0,먹보정식,제육오징어볶음,"10,000                            ",고기/구이
10736.0,포차전집,,,
10737.0,생각나는밥집,,,
10739.0,아짙오공일,아메리카노,"4,000                            ",양식
10739.0,아짙오공일,청포도 케일 주스,"6,000                            ",양식
10739.0,아짙오공일,BELT 샌드위치,"8,000                            ",백반
10740.0,백령,순두부찌개,,찜/탕/찌개
10740.0,백령,부추전,,양식
10740.0,백령,배추전,,양식
10756.0,영진푸드,,,
10758.0,플랩잭팬트리헤이춘천점,스프링샐러드,"8,900                            ",양식
10758.0,플랩잭팬트리헤이춘천점,수제리코타치즈샐러드,"13,900                            ",양식
10758.0,플랩잭팬트리헤이춘천점,허니치킨샐러드,"10,900                            ",치킨
10764.0,맹이네요리연구소,,,
10771.0,쩝쩝박사,,,
10784.0,알라딘,,,
10790.0,바른주방,,,
10793.0,오늘키친,,,
10797.0,준,,,
10799.0,바이르,,,
10808.0,정원달빛,아메리카노,"4,000                            ",양식
10808.0,정원달빛,카페라떼,"4,500                            ",백반
10808.0,정원달빛,레몬에이드,"6,000                            ",회
10813.0,별식당강원대점,생연어덮밥,"12,900                            ",국밥
10813.0,별식당강원대점,꼬막비빔밥,"9,900                            ",양식
10813.0,별식당강원대점,별카레,"9,900                            ",양식
10816.0,시골잔치국수,,,
10819.0,순대실록춘천점,전통 순댓국,"9,000                            ",분식
10819.0,순대실록춘천점,순댓국 정식,"13,000                            ",분식
10819.0,순대실록춘천점,머릿고기만 순댓국,"10,000                            ",고기/구이
10824.0,바다속풍경,광어(소),"22,000                            ",회
10824.0,바다속풍경,도미(중),"37,000                            ",회
10824.0,바다속풍경,우럭(소),"22,000                            ",고기/구이
10831.0,시리우스(sirius),,,
10832.0,우리할매떡볶이춘천점,,,
10833.0,김밥이선생,야채김밥,"3,000                            ",양식
10833.0,김밥이선생,참치김밥,"3,900                            ",분식
10833.0,김밥이선생,땡초어묵김밥,"3,900                            ",양식
10835.0,소양하다,에스프레소,,양식
10835.0,소양하다,아메리카노,,양식
10835.0,소양하다,카페라떼,,백반
10837.0,크레센트치킨앤버거,,,
10838.0,달리는커피춘천석사점,"샌드위치박스(소) 9,000원",변동가격                            ,양식
10838.0,달리는커피춘천석사점,"샌드위치과일박스(대) 18,000원",변동가격                            ,양식
10838.0,달리는커피춘천석사점,"1/2샌드위치+팩주스(5,000원)",변동가격                            ,양식
10841.0,단하비,수제 리코타 샐러드,"8,900                            ",피자
10841.0,단하비,명란 파스타,"11,500                            ",국수
10841.0,단하비,아라비아따,"11,500                            ",회
10845.0,달짠,,,
10848.0,초빈닭갈비,,,
10849.0,79대포춘천강원대점,해물 오꼬노미 빠삭파전,"8,500                            ",양식
10849.0,79대포춘천강원대점,비빔 한우육회,"12,900                            ",고기/구이
10849.0,79대포춘천강원대점,통삼겹 수육보쌈,"10,900                            ",족발/보쌈
10853.0,시민커피,에스프레소,,양식
10853.0,시민커피,아메리카노,,양식
10853.0,시민커피,카페라떼,,백반
10855.0,오늘날,,,
10859.0,돌아온왕십리곱창,야채곱창(1인분),"11,000                            ",분식
10859.0,돌아온왕십리곱창,알곱창(1인분),"13,000                            ",분식
10859.0,돌아온왕십리곱창,순대곱창(1인분),"13,000                            ",국밥
10865.0,코너스톤(CORNERSTONE),에스프레소,"3,500                            ",양식
10865.0,코너스톤(CORNERSTONE),자몽 주스,"5,000                            ",회
10865.0,코너스톤(CORNERSTONE),딸기 요거트,"6,000                            ",백반
10869.0,왕대박감자탕,,,
10874.0,지나오다,아메리카노,"3,500                            ",양식
10874.0,지나오다,카페라떼,"4,500                            ",백반
10874.0,지나오다,수제 레몬티,"5,000                            ",백반
10877.0,착한마약규토스트,스페셜 토스트,"5,300                            ",양식
10877.0,착한마약규토스트,불고기토스트,"5,000                            ",고기/구이
10877.0,착한마약규토스트,모짜렐라토스트,"5,900                            ",양식
10885.0,만나탕수육볶음밥,짜장,"5,000                            ",중식
10885.0,만나탕수육볶음밥,짬뽕,"7,000                            ",중식
10885.0,만나탕수육볶음밥,볶음밥,"6,000                            ",양식
10888.0,배부리,,,
10906.0,써니푸드,,,
10910.0,오오모리,쇼유라멘,,중식
10910.0,오오모리,마제소바,,피자
10910.0,오오모리,라면추가,,국수
10917.0,피플스클럽,새우우동,"24,000                            ",중식
10917.0,피플스클럽,닭볶음탕,"23,000                            ",치킨
10917.0,피플스클럽,항정살라쫄면,"22,000                            ",중식
10919.0,예부룩,만두국,,국수
10919.0,예부룩,함박스테이크,,고기/구이
10919.0,예부룩,커피,,양식
10920.0,놀이카페조인,,,
10925.0,중화반점,,,
10927.0,포지티브즈(Positives),과일타르트,"6,500                            ",회
10927.0,포지티브즈(Positives),감고커피,"6,500                            ",양식
10927.0,포지티브즈(Positives),크림바닐라라떼,"5,500                            ",치킨
10931.0,수라찬,5찬 한식도시락,"8,000                            ",분식
10931.0,수라찬,샐러드팩,"8,800                            ",양식
10931.0,수라찬,오피스팩,"7,700                            ",양식
10932.0,3939,,,
10934.0,그놈포차춘천애막골점,쭈우삼,"26,000                            ",양식
10934.0,그놈포차춘천애막골점,국물닭발,"21,000                            ",치킨
10934.0,그놈포차춘천애막골점,불막창,"20,000                            ",고기/구이
10940.0,주유,제주도 딱새우회(20마리~23마리),"28,000                            ",회
10940.0,주유,채끝등심 팬스테이크(250g),"25,000                            ",고기/구이
10940.0,주유,연어 사시미,"20,000                            ",회
10941.0,플랜피(PLAN.P),,,
10942.0,불사파포차,크림깐쇼새우,"13,900                            ",분식
10942.0,불사파포차,칠리깐쇼새우,"13,900                            ",중식
10942.0,불사파포차,해물왕짬뽕,"11,400                            ",찜/탕/찌개
10944.0,꽃이다,,,
10946.0,삼점일사,,,
10949.0,바코드,,,
10951.0,피자헛석사점,씨푸드킹 L,"36,900                            ",중식
10951.0,피자헛석사점,토핑킹&수퍼슈프림 L,"36,400                            ",고기/구이
10951.0,피자헛석사점,립스테이크&쉬림프 L,"37,900                            ",고기/구이
10957.0,화룡양꼬치,고급양갈비,,양식
10957.0,화룡양꼬치,모듬양꼬치,,분식
10957.0,화룡양꼬치,양고기,,고기/구이
10962.0,닭갈비짱,철판닭갈비,"12,000                            ",고기/구이
10962.0,닭갈비짱,참숯닭갈비,"13,000                            ",치킨
10962.0,닭갈비짱,참숯돼지불고기,"13,000                            ",고기/구이
10964.0,고기혁명춘천점,,,
10967.0,청년분식춘천점,감자폭탄세트,"11,800                            ",분식
10967.0,청년분식춘천점,떡치세트,"17,300                            ",치킨
10967.0,청년분식춘천점,떡순튀세트,"16,800                            ",분식
10972.0,하이홀덤춘천점,,,
10976.0,외양간,,,
10980.0,열정푸드,,,
10981.0,긱스피자춘천점,,,
10982.0,동양관,아부라소바,"9,000                            ",양식
10982.0,동양관,창란크림치즈,"7,000                            ",양식
10982.0,동양관,아게다시나스,"8,000                            ",회
10987.0,카페마르,,,
10989.0,애막골상회,로스카츠,"10,000                            ",고기/구이
10989.0,애막골상회,치즈카츠,"10,000                            ",양식
10989.0,애막골상회,반반카츠,"10,000                            ",백반
10994.0,월미당강원대점,차돌쌀국수,"10,000                            ",국수
10994.0,월미당강원대점,양지쌀국수,"10,500                            ",국수
10994.0,월미당강원대점,차돌양지쌀국수,"11,000                            ",국수
10995.0,마선생마약국밥춘천점,얼큰이국밥,,국밥
10995.0,마선생마약국밥춘천점,돼지국밥,,국밥
10995.0,마선생마약국밥춘천점,병천순대국밥,,국밥
10997.0,온해,사케동,"10,900                            ",회
10997.0,온해,스테키동,"11,000                            ",양식
10997.0,온해,텐동,"10,500                            ",양식
11008.0,아시안피자석사점,,,
11009.0,29페이지,아메리카노,"3,500                            ",양식
11009.0,29페이지,카페라떼,"4,500                            ",백반
11009.0,29페이지,연유라떼,"5,000                            ",분식
11015.0,케이에프씨춘천석사,KFC추천팩,"17,900                            ",양식
11015.0,케이에프씨춘천석사,KFC시그니처팩,"22,900                            ",고기/구이
11015.0,케이에프씨춘천석사,온가족모두팩,"28,800                            ",양식
11034.0,아재불닭발,,,
11036.0,심가당,찰순대,"3,000                            ",분식
11036.0,심가당,우엉김밥,"3,000                            ",양식
11036.0,심가당,옛날떡볶이,"3,000                            ",양식
11043.0,용수산,,,
11047.0,모꼬지,,,
11058.0,오믈하우스,S set,"9,000                            ",양식
11058.0,오믈하우스,M set,"10,000                            ",양식
11058.0,오믈하우스,기본 오므라이스,"5,000                            ",양식
11071.0,신짱깨집,콩짜장,"6,000                            ",중식
11071.0,신짱깨집,신 매운짜장,"7,500                            ",양식
11071.0,신짱깨집,간짜장,"7,500                            ",중식
11080.0,호반송어회배달전문점,,,
11083.0,고씨네카레강원대본점,돈까스카레,"8,000                            ",돈까스
11083.0,고씨네카레강원대본점,스페셜카레,"10,500                            ",회
11083.0,고씨네카레강원대본점,고로케카레,"8,000                            ",회
11085.0,강빠,모듬고로케,"10,000                            ",고기/구이
11085.0,강빠,명란계란탕,"18,000                            ",중식
11085.0,강빠,소고기 해물나베,"20,000                            ",고기/구이
11088.0,춘양화로,이베리코 아바니꼬 베요타(200g),"18,000                            ",백반
11088.0,춘양화로,양 등심(200g),"14,000                            ",고기/구이
11088.0,춘양화로,양 갈비(250g),"18,000                            ",고기/구이
11090.0,까투리 강대점,얼큰짬뽕탕,,찜/탕/찌개
11090.0,까투리 강대점,꼬지오뎅,,돈까스
11090.0,까투리 강대점,얼큰해물오뎅탕,,찜/탕/찌개
11091.0,아름다운식당(춘천시니어클럽),,,
11100.0,신미방마라탕,,,
11101.0,노모어피자춘천점,,,
11104.0,카우보이,리얼통닭한마리,"6,900                            ",치킨
11104.0,카우보이,리얼바비큐,"8,900                            ",백반
11104.0,카우보이,똥집볶음,"10,900                            ",고기/구이
11105.0,사랑관강원대점,아이스황도,,분식
11105.0,사랑관강원대점,기본안주,,양식
11105.0,사랑관강원대점,마른안주,,양식
11108.0,미빠2,,,
11127.0,만남의집,,,
11128.0,주전자,모듬전,"25,000                            ",회
11128.0,주전자,어묵탕,"10,000                            ",찜/탕/찌개
11128.0,주전자,두부찌개,"12,000                            ",양식
11132.0,남부전집,,,
11136.0,꼴두바우강대점,소막창,"10,000                            ",국수
11136.0,꼴두바우강대점,가브리살,"8,500                            ",회
11136.0,꼴두바우강대점,삼겹살(200g),"7,500                            ",고기/구이
11138.0,5감족발,,,
11164.0,착한곱한우곱창춘천2호석사점,한우곱창,,백반
11164.0,착한곱한우곱창춘천2호석사점,한우막창,,양식
11164.0,착한곱한우곱창춘천2호석사점,한우대창,,고기/구이
11165.0,수옛날통닭애막골점,,,
11168.0,전천후횟집,전천후 스페셜,"99,000                            ",회
11168.0,전천후횟집,해산물 모듬회,"65,000                            ",분식
11168.0,전천후횟집,전천후 모듬회 (S),"33,000                            ",회
11175.0,오니,야채김밥,"2,500                            ",양식
11175.0,오니,땡초김밥,"3,500                            ",양식
11175.0,오니,치즈김밥,"3,500                            ",양식
11188.0,불난닭발앤강정,계란찜,,양식
11188.0,불난닭발앤강정,떡볶이,,분식
11188.0,불난닭발앤강정,얼음황도,,회
11191.0,술집,양념치킨,"21,000                            ",치킨
11191.0,술집,수제버거와 감자튀김,"15,000                            ",버거
11191.0,술집,후라이드 치킨,"20,000                            ",치킨
11193.0,미미카츠,,,
11197.0,웨어커피,아메리카노,"4,000                            ",양식
11197.0,웨어커피,더블초코라테,"5,000                            ",분식
11197.0,웨어커피,시나몬 메이플 크로플,"7,500                            ",양식
11198.0,바보형제쭈꾸미효자점,쭈꾸미세트,,양식
11198.0,바보형제쭈꾸미효자점,쭈삼겹세트,,양식
11198.0,바보형제쭈꾸미효자점,만쭈삼겹세트,,족발/보쌈
11211.0,서락,황도,,회
11211.0,서락,모듬과일,,분식
11211.0,서락,먹태,,양식
11217.0,열정국밥,,,
11222.0,고래맥주창고효자점,,,
11223.0,유캔두잇춘천효자점,아메리카노,,양식
11223.0,유캔두잇춘천효자점,카페라떼,,백반
11223.0,유캔두잇춘천효자점,카푸치노,,피자
11234.0,형제오뎅,,,
11236.0,어반벨리(Urban Belly),어반벨리 버거,"5,000                            ",버거
11236.0,어반벨리(Urban Belly),어반벨리 치즈 버거,"6,000                            ",버거
11236.0,어반벨리(Urban Belly),어반벨리 더블치즈 버거,"8,000                            ",버거
11237.0,난김밥넌국수,,,
11247.0,쌈촌CGV석사점,,,
11259.0,페리카나석사점,후라이드,,치킨
11259.0,페리카나석사점,양념치킨,,치킨
11259.0,페리카나석사점,반반치킨,,백반
11263.0,파스따남,알리오 올리오,"10,000                            ",양식
11263.0,파스따남,명란파스타,"12,000                            ",중식
11263.0,파스따남,감베리 파스타,"13,000                            ",국수
11264.0,돌다리야채곱창,야채곱창,"10,000                            ",분식
11264.0,돌다리야채곱창,흑미순대볶음,"12,000                            ",고기/구이
11264.0,돌다리야채곱창,흑미순대곱창,"12,000                            ",분식
11266.0,유명한맛돼지,특목살,,고기/구이
11266.0,유명한맛돼지,생삼겹살,,양식
11266.0,유명한맛돼지,가브리살,,회
11271.0,남부옛날통닭,,,
11278.0,순살만공격춘천점,닭다리 순살만 4가지맛 세트,,고기/구이
11278.0,순살만공격춘천점,페퍼로니 피자&치킨 세트,,피자
11278.0,순살만공격춘천점,치파포 V5,,치킨
11282.0,한방전주콩나물국밥효자점,콩나물국밥,"5,500                            ",국밥
11282.0,한방전주콩나물국밥효자점,황태콩나물국밥,"7,500                            ",국밥
11282.0,한방전주콩나물국밥효자점,콩나물비빔밥,"6,500                            ",국밥
